file,class,split
aihole_durga_temple/92fc3ca20a18.jpg,aihole_durga_temple,test
aihole_durga_temple/9f4dad8fa4ba.jpg,aihole_durga_temple,test
aihole_durga_temple/34396610ea30.jpg,aihole_durga_temple,test
aihole_durga_temple/a296e2840835.jpg,aihole_durga_temple,test
aihole_durga_temple/233760de8850.jpg,aihole_durga_temple,test
aihole_durga_temple/92fc56964c67.jpg,aihole_durga_temple,test
aihole_durga_temple/a15f9cea8c63.jpg,aihole_durga_temple,test
aihole_durga_temple/61f80090cb55.jpg,aihole_durga_temple,test
aihole_durga_temple/ab3961f26762.jpg,aihole_durga_temple,test
aihole_durga_temple/a77c8164c0ae.jpg,aihole_durga_temple,test
aihole_durga_temple/7049796fdc5a.jpg,aihole_durga_temple,test
aihole_durga_temple/eb943d39df0a.jpg,aihole_durga_temple,test
aihole_durga_temple/b9f1eca67ff2.jpg,aihole_durga_temple,test
aihole_durga_temple/48ad64c54ee5.jpg,aihole_durga_temple,test
aihole_durga_temple/ac0e5375d87d.jpg,aihole_durga_temple,test
aihole_durga_temple/5f82655f6dbd.jpg,aihole_durga_temple,test
aihole_durga_temple/5258d3537314.jpg,aihole_durga_temple,test
aihole_durga_temple/f5c22100fd51.jpg,aihole_durga_temple,test
aihole_durga_temple/8e368caf6eaf.jpg,aihole_durga_temple,test
aihole_durga_temple/c095d1061240.jpg,aihole_durga_temple,test
aihole_durga_temple/316433fa3dcc.jpg,aihole_durga_temple,test
aihole_durga_temple/824ee2b70964.jpg,aihole_durga_temple,test
aihole_durga_temple/4650b1a393b6.jpg,aihole_durga_temple,test
aihole_durga_temple/fb48715c5057.jpg,aihole_durga_temple,test
aihole_durga_temple/65f320a06ba7.jpg,aihole_durga_temple,test
aihole_durga_temple/1fcae3fe3c0f.jpg,aihole_durga_temple,test
aihole_durga_temple/4cc1ecd3dc13.jpg,aihole_durga_temple,test
aihole_durga_temple/758e27752813.jpg,aihole_durga_temple,test
aihole_durga_temple/313123888038.jpg,aihole_durga_temple,test
aihole_durga_temple/830e80f50437.jpg,aihole_durga_temple,test
aihole_durga_temple/97351de6fa1f.jpg,aihole_durga_temple,test
aihole_durga_temple/ea9668917334.jpg,aihole_durga_temple,test
aihole_durga_temple/ead8832221b5.jpg,aihole_durga_temple,test
aihole_durga_temple/2cd4990b0dd8.jpg,aihole_durga_temple,test
aihole_durga_temple/c7506b77aa76.jpg,aihole_durga_temple,test
aihole_durga_temple/f1e4875140e9.jpg,aihole_durga_temple,test
aihole_durga_temple/eb06fa5ade9c.jpg,aihole_durga_temple,test
aihole_durga_temple/7f6152891c22.jpg,aihole_durga_temple,test
aihole_durga_temple/e675991e7304.jpg,aihole_durga_temple,test
aihole_durga_temple/32ea011a131b.jpg,aihole_durga_temple,test
aihole_durga_temple/a93f2d3e4a28.jpg,aihole_durga_temple,test
aihole_durga_temple/baca578e133e.jpg,aihole_durga_temple,test
aihole_durga_temple/9ee3572d6d3b.jpg,aihole_durga_temple,test
aihole_durga_temple/3d86347dee65.jpg,aihole_durga_temple,test
aihole_durga_temple/df884ab53c01.jpg,aihole_durga_temple,test
aihole_durga_temple/f2c400a020e9.jpg,aihole_durga_temple,test
aihole_durga_temple/818086be3ea1.jpg,aihole_durga_temple,test
aihole_durga_temple/afa481666f1a.jpg,aihole_durga_temple,test
aihole_durga_temple/a2cb1ce192fb.jpg,aihole_durga_temple,test
aihole_durga_temple/3a087004aadf.jpg,aihole_durga_temple,test
aihole_durga_temple/3f425c46a802.jpg,aihole_durga_temple,test
aihole_durga_temple/4663cf83aefe.jpg,aihole_durga_temple,test
aihole_durga_temple/16013654e9bf.jpg,aihole_durga_temple,test
aihole_durga_temple/ddbd8a59fac5.jpg,aihole_durga_temple,test
aihole_durga_temple/0b35ae0ac251.jpg,aihole_durga_temple,test
aihole_durga_temple/1ffbc74136fe.jpg,aihole_durga_temple,test
aihole_durga_temple/50365e3a38d8.jpg,aihole_durga_temple,test
aihole_durga_temple/7418721e4aa3.jpg,aihole_durga_temple,test
aihole_durga_temple/666674871782.jpg,aihole_durga_temple,test
aihole_durga_temple/a591653de7e6.jpg,aihole_durga_temple,test
aihole_durga_temple/72ffb194034a.jpg,aihole_durga_temple,test
aihole_durga_temple/98dc0517903e.jpg,aihole_durga_temple,test
aihole_durga_temple/3d898720e563.jpg,aihole_durga_temple,test
aihole_durga_temple/415abac2a52d.jpg,aihole_durga_temple,test
aihole_durga_temple/219fbad931c6.jpg,aihole_durga_temple,test
aihole_durga_temple/5f22fce6983c.jpg,aihole_durga_temple,test
aihole_durga_temple/9fd2e5707852.jpg,aihole_durga_temple,test
aihole_durga_temple/ecad1585e92a.jpg,aihole_durga_temple,test
aihole_durga_temple/97821ce0a7c2.jpg,aihole_durga_temple,test
aihole_durga_temple/a6f0dea239f0.jpg,aihole_durga_temple,test
aihole_durga_temple/0651ab4cca12.jpg,aihole_durga_temple,test
aihole_durga_temple/d944671956ae.jpg,aihole_durga_temple,test
aihole_durga_temple/042b71f5b231.jpg,aihole_durga_temple,test
aihole_durga_temple/b1f455686e0c.jpg,aihole_durga_temple,test
aihole_durga_temple/926ed77e8321.jpg,aihole_durga_temple,val
aihole_durga_temple/ae8f8ee6dea7.jpg,aihole_durga_temple,val
aihole_durga_temple/c394ade6454b.jpg,aihole_durga_temple,val
aihole_durga_temple/4328d74ef7ff.jpg,aihole_durga_temple,val
aihole_durga_temple/5dbda9f62e45.jpg,aihole_durga_temple,val
aihole_durga_temple/622e457342ba.jpg,aihole_durga_temple,val
aihole_durga_temple/484882a24e5a.jpg,aihole_durga_temple,val
aihole_durga_temple/d309e63aaf75.jpg,aihole_durga_temple,val
aihole_durga_temple/f718f9dc075e.jpg,aihole_durga_temple,val
aihole_durga_temple/4ee18fe6beae.jpg,aihole_durga_temple,val
aihole_durga_temple/5b2c35fed569.jpg,aihole_durga_temple,val
aihole_durga_temple/f9427056b241.jpg,aihole_durga_temple,val
aihole_durga_temple/328ed2722204.jpg,aihole_durga_temple,val
aihole_durga_temple/5884bc189236.jpg,aihole_durga_temple,val
aihole_durga_temple/f7b2f6c3c08a.jpg,aihole_durga_temple,val
aihole_durga_temple/66a1a4ee312f.jpg,aihole_durga_temple,val
aihole_durga_temple/69e92aae2023.jpg,aihole_durga_temple,val
aihole_durga_temple/9656371eb949.jpg,aihole_durga_temple,val
aihole_durga_temple/8bf3cf619637.jpg,aihole_durga_temple,val
aihole_durga_temple/ab8017ddea67.jpg,aihole_durga_temple,val
aihole_durga_temple/ec10a2e639a4.jpg,aihole_durga_temple,val
aihole_durga_temple/393744c2a7d7.jpg,aihole_durga_temple,val
aihole_durga_temple/910ff5e6e5a7.jpg,aihole_durga_temple,val
aihole_durga_temple/f57215cbf63a.jpg,aihole_durga_temple,val
aihole_durga_temple/047b07892110.jpg,aihole_durga_temple,val
aihole_durga_temple/e168245c0867.jpg,aihole_durga_temple,val
aihole_durga_temple/f63316eb7eb6.jpg,aihole_durga_temple,val
aihole_durga_temple/5dec23736bd8.jpg,aihole_durga_temple,val
aihole_durga_temple/819714528ea0.jpg,aihole_durga_temple,val
aihole_durga_temple/888078d5e3d7.jpg,aihole_durga_temple,val
aihole_durga_temple/cc9a4f133252.jpg,aihole_durga_temple,val
aihole_durga_temple/6dfaf2004595.jpg,aihole_durga_temple,val
aihole_durga_temple/85166ce30334.jpg,aihole_durga_temple,val
aihole_durga_temple/8db84f5ac517.jpg,aihole_durga_temple,val
aihole_durga_temple/b5e17de47fb1.jpg,aihole_durga_temple,val
aihole_durga_temple/aeeb9d93cfc2.jpg,aihole_durga_temple,val
aihole_durga_temple/baf769db6ed2.jpg,aihole_durga_temple,val
aihole_durga_temple/c0f0a919ba0a.jpg,aihole_durga_temple,val
aihole_durga_temple/cb279c3c6f74.jpg,aihole_durga_temple,val
aihole_durga_temple/b2074052625b.jpg,aihole_durga_temple,val
aihole_durga_temple/cc6f2cd8e93f.jpg,aihole_durga_temple,val
aihole_durga_temple/d64e60e48fc6.jpg,aihole_durga_temple,val
aihole_durga_temple/ef36c7d56005.jpg,aihole_durga_temple,val
aihole_durga_temple/03a8034fdf94.jpg,aihole_durga_temple,val
aihole_durga_temple/2603fce6f514.jpg,aihole_durga_temple,val
aihole_durga_temple/33c40f924f16.jpg,aihole_durga_temple,val
aihole_durga_temple/ac155dfa16e6.jpg,aihole_durga_temple,val
aihole_durga_temple/24d60a04dade.jpg,aihole_durga_temple,val
aihole_durga_temple/ad4341be9e9c.jpg,aihole_durga_temple,val
aihole_durga_temple/d8b93247b39e.jpg,aihole_durga_temple,val
aihole_durga_temple/e67ee9e3609e.jpg,aihole_durga_temple,val
aihole_durga_temple/214fed805226.jpg,aihole_durga_temple,train
aihole_durga_temple/42278de685eb.jpg,aihole_durga_temple,train
aihole_durga_temple/6d290bdcd2fa.jpg,aihole_durga_temple,train
aihole_durga_temple/fceb1a354e1f.jpg,aihole_durga_temple,train
aihole_durga_temple/45eb7d796164.jpg,aihole_durga_temple,train
aihole_durga_temple/b40428e0e5f1.jpg,aihole_durga_temple,train
aihole_durga_temple/bf087fcefa57.jpg,aihole_durga_temple,train
aihole_durga_temple/d3c93b625b91.jpg,aihole_durga_temple,train
aihole_durga_temple/f6816ebd8dc3.jpg,aihole_durga_temple,train
aihole_durga_temple/0711143f01e4.jpg,aihole_durga_temple,train
aihole_durga_temple/65a4e3ddbc33.jpg,aihole_durga_temple,train
aihole_durga_temple/7b063c3102a9.jpg,aihole_durga_temple,train
aihole_durga_temple/8e394b140c16.jpg,aihole_durga_temple,train
aihole_durga_temple/e3ed1d0be8cf.jpg,aihole_durga_temple,train
aihole_durga_temple/092a1bdd0417.jpg,aihole_durga_temple,train
aihole_durga_temple/88336bbba2b1.jpg,aihole_durga_temple,train
aihole_durga_temple/a278661c8ad5.jpg,aihole_durga_temple,train
aihole_durga_temple/e7bcba59a4a9.jpg,aihole_durga_temple,train
aihole_durga_temple/f1a48601379f.jpg,aihole_durga_temple,train
aihole_durga_temple/f4c7869a7ab3.jpg,aihole_durga_temple,train
aihole_durga_temple/0d540cda1318.jpg,aihole_durga_temple,train
aihole_durga_temple/1c12be676255.jpg,aihole_durga_temple,train
aihole_durga_temple/69c5e1715aaf.jpg,aihole_durga_temple,train
aihole_durga_temple/749688475169.jpg,aihole_durga_temple,train
aihole_durga_temple/7e0bafe6b0bc.jpg,aihole_durga_temple,train
aihole_durga_temple/d5e6373e612c.jpg,aihole_durga_temple,train
aihole_durga_temple/4f7743acf7cc.jpg,aihole_durga_temple,train
aihole_durga_temple/6a4826acbcea.jpg,aihole_durga_temple,train
aihole_durga_temple/7b79ce50e590.jpg,aihole_durga_temple,train
aihole_durga_temple/863505eef46c.jpg,aihole_durga_temple,train
aihole_durga_temple/94119e386a12.jpg,aihole_durga_temple,train
aihole_durga_temple/9e876b75d466.jpg,aihole_durga_temple,train
aihole_durga_temple/ca35a4c7751e.jpg,aihole_durga_temple,train
aihole_durga_temple/ef1e86adb8dc.jpg,aihole_durga_temple,train
aihole_durga_temple/126d55c1b51b.jpg,aihole_durga_temple,train
aihole_durga_temple/20f28643fe39.jpg,aihole_durga_temple,train
aihole_durga_temple/23a462675121.jpg,aihole_durga_temple,train
aihole_durga_temple/35351057a805.jpg,aihole_durga_temple,train
aihole_durga_temple/3810be50f9bf.jpg,aihole_durga_temple,train
aihole_durga_temple/45da1068cf81.jpg,aihole_durga_temple,train
aihole_durga_temple/47a7f9d95c03.jpg,aihole_durga_temple,train
aihole_durga_temple/6dafaa51fc49.jpg,aihole_durga_temple,train
aihole_durga_temple/7a86a253876e.jpg,aihole_durga_temple,train
aihole_durga_temple/a9f81a0c4b69.jpg,aihole_durga_temple,train
aihole_durga_temple/e24baace1d81.jpg,aihole_durga_temple,train
aihole_durga_temple/e3c3fd588143.jpg,aihole_durga_temple,train
aihole_durga_temple/f270ef5e6a99.jpg,aihole_durga_temple,train
aihole_durga_temple/ff6f97c94815.jpg,aihole_durga_temple,train
aihole_durga_temple/02d15e35f84b.jpg,aihole_durga_temple,train
aihole_durga_temple/041172593da9.jpg,aihole_durga_temple,train
aihole_durga_temple/065a0e938062.jpg,aihole_durga_temple,train
aihole_durga_temple/23329eb856b2.jpg,aihole_durga_temple,train
aihole_durga_temple/3361a2334702.jpg,aihole_durga_temple,train
aihole_durga_temple/61ec2cd4b47f.jpg,aihole_durga_temple,train
aihole_durga_temple/72cc820d4f5b.jpg,aihole_durga_temple,train
aihole_durga_temple/8b9f7f3bd54c.jpg,aihole_durga_temple,train
aihole_durga_temple/9824e94cd312.jpg,aihole_durga_temple,train
aihole_durga_temple/a2e912de6699.jpg,aihole_durga_temple,train
aihole_durga_temple/b40997115111.jpg,aihole_durga_temple,train
aihole_durga_temple/bf3c6f0f34f0.jpg,aihole_durga_temple,train
aihole_durga_temple/c421dfe125a1.jpg,aihole_durga_temple,train
aihole_durga_temple/ca4601b3777e.jpg,aihole_durga_temple,train
aihole_durga_temple/0b1539f59db1.jpg,aihole_durga_temple,train
aihole_durga_temple/0c0246de19e6.jpg,aihole_durga_temple,train
aihole_durga_temple/20139a8c20c6.jpg,aihole_durga_temple,train
aihole_durga_temple/227e7ec7a0d7.jpg,aihole_durga_temple,train
aihole_durga_temple/57f572fb74f5.jpg,aihole_durga_temple,train
aihole_durga_temple/7a0f9e04bf97.jpg,aihole_durga_temple,train
aihole_durga_temple/7ec38afbd325.jpg,aihole_durga_temple,train
aihole_durga_temple/8541e867cfa5.jpg,aihole_durga_temple,train
aihole_durga_temple/87d46dba1a55.jpg,aihole_durga_temple,train
aihole_durga_temple/a30e28779335.jpg,aihole_durga_temple,train
aihole_durga_temple/a9f866657655.jpg,aihole_durga_temple,train
aihole_durga_temple/b845695940ea.jpg,aihole_durga_temple,train
aihole_durga_temple/c54f872420c1.jpg,aihole_durga_temple,train
aihole_durga_temple/ecd5b272fa38.jpg,aihole_durga_temple,train
aihole_durga_temple/ffbed60d599f.jpg,aihole_durga_temple,train
aihole_durga_temple/16a15fc75f7b.jpg,aihole_durga_temple,train
aihole_durga_temple/174e8a43c96c.jpg,aihole_durga_temple,train
aihole_durga_temple/18b9cad2655d.jpg,aihole_durga_temple,train
aihole_durga_temple/255e29ee19f4.jpg,aihole_durga_temple,train
aihole_durga_temple/2b1dc4b094ff.jpg,aihole_durga_temple,train
aihole_durga_temple/3af1d2430e4b.jpg,aihole_durga_temple,train
aihole_durga_temple/3ef1f398dbda.jpg,aihole_durga_temple,train
aihole_durga_temple/3f9bf6c4bf35.jpg,aihole_durga_temple,train
aihole_durga_temple/794de5d7d7ce.jpg,aihole_durga_temple,train
aihole_durga_temple/81116d9e8966.jpg,aihole_durga_temple,train
aihole_durga_temple/8ee6e5a8e4ac.jpg,aihole_durga_temple,train
aihole_durga_temple/97b7adfe7c4b.jpg,aihole_durga_temple,train
aihole_durga_temple/a0e8a3fbb6a0.jpg,aihole_durga_temple,train
aihole_durga_temple/adc741ea0df2.jpg,aihole_durga_temple,train
aihole_durga_temple/b2e380f4dcf2.jpg,aihole_durga_temple,train
aihole_durga_temple/bf3d3619c2b2.jpg,aihole_durga_temple,train
aihole_durga_temple/ec3da06b69fc.jpg,aihole_durga_temple,train
aihole_durga_temple/f60568a68dee.jpg,aihole_durga_temple,train
aihole_durga_temple/07bd4d516b44.jpg,aihole_durga_temple,train
aihole_durga_temple/09772fe61c31.jpg,aihole_durga_temple,train
aihole_durga_temple/129145f00b97.jpg,aihole_durga_temple,train
aihole_durga_temple/277cc65759e4.jpg,aihole_durga_temple,train
aihole_durga_temple/2af1d2b90297.jpg,aihole_durga_temple,train
aihole_durga_temple/2c2e1a2508ae.jpg,aihole_durga_temple,train
aihole_durga_temple/30c531785fab.jpg,aihole_durga_temple,train
aihole_durga_temple/448baa1b17fa.jpg,aihole_durga_temple,train
aihole_durga_temple/4a721106bd12.jpg,aihole_durga_temple,train
aihole_durga_temple/611552e28bdb.jpg,aihole_durga_temple,train
aihole_durga_temple/6a781bcb6cd1.jpg,aihole_durga_temple,train
aihole_durga_temple/9c2124b30fee.jpg,aihole_durga_temple,train
aihole_durga_temple/9f9f3281a95e.jpg,aihole_durga_temple,train
aihole_durga_temple/bbf21104a817.jpg,aihole_durga_temple,train
aihole_durga_temple/bfbf167cb85c.jpg,aihole_durga_temple,train
aihole_durga_temple/c927da181143.jpg,aihole_durga_temple,train
aihole_durga_temple/cb27a5d24dac.jpg,aihole_durga_temple,train
aihole_durga_temple/cd6a4b76f5e5.jpg,aihole_durga_temple,train
aihole_durga_temple/d6cb2521bf32.jpg,aihole_durga_temple,train
aihole_durga_temple/dd044258fa2a.jpg,aihole_durga_temple,train
aihole_durga_temple/13322a174c8d.jpg,aihole_durga_temple,train
aihole_durga_temple/1bb034c0555e.jpg,aihole_durga_temple,train
aihole_durga_temple/1d98a1ccb910.jpg,aihole_durga_temple,train
aihole_durga_temple/22f819cbdb1b.jpg,aihole_durga_temple,train
aihole_durga_temple/2ec41e406f0e.jpg,aihole_durga_temple,train
aihole_durga_temple/36a4abf0214e.jpg,aihole_durga_temple,train
aihole_durga_temple/3973a7cb6ef6.jpg,aihole_durga_temple,train
aihole_durga_temple/4048cf41b2de.jpg,aihole_durga_temple,train
aihole_durga_temple/418de6262124.jpg,aihole_durga_temple,train
aihole_durga_temple/431349155667.jpg,aihole_durga_temple,train
aihole_durga_temple/46ee8bfb4121.jpg,aihole_durga_temple,train
aihole_durga_temple/51b23194f693.jpg,aihole_durga_temple,train
aihole_durga_temple/5af3bd73f29f.jpg,aihole_durga_temple,train
aihole_durga_temple/6255259d0dde.jpg,aihole_durga_temple,train
aihole_durga_temple/6283073bc615.jpg,aihole_durga_temple,train
aihole_durga_temple/62949aacaad7.jpg,aihole_durga_temple,train
aihole_durga_temple/62d9527f64e8.jpg,aihole_durga_temple,train
aihole_durga_temple/63b5dd715545.jpg,aihole_durga_temple,train
aihole_durga_temple/709a05e5e374.jpg,aihole_durga_temple,train
aihole_durga_temple/79039168fb1e.jpg,aihole_durga_temple,train
aihole_durga_temple/7a7e90249ebe.jpg,aihole_durga_temple,train
aihole_durga_temple/8c633b2639b8.jpg,aihole_durga_temple,train
aihole_durga_temple/8ced505c1841.jpg,aihole_durga_temple,train
aihole_durga_temple/9aeba72d5e5a.jpg,aihole_durga_temple,train
aihole_durga_temple/a0b091e8f604.jpg,aihole_durga_temple,train
aihole_durga_temple/a1632a0f5cbb.jpg,aihole_durga_temple,train
aihole_durga_temple/a1b6f40446fc.jpg,aihole_durga_temple,train
aihole_durga_temple/a57a64308876.jpg,aihole_durga_temple,train
aihole_durga_temple/a7d7c342ef95.jpg,aihole_durga_temple,train
aihole_durga_temple/abbeda0ac753.jpg,aihole_durga_temple,train
aihole_durga_temple/b5e9d987cb0f.jpg,aihole_durga_temple,train
aihole_durga_temple/c5dfeff01331.jpg,aihole_durga_temple,train
aihole_durga_temple/c83e732945cf.jpg,aihole_durga_temple,train
aihole_durga_temple/cd0fcf57ee8b.jpg,aihole_durga_temple,train
aihole_durga_temple/e8ef0f156535.jpg,aihole_durga_temple,train
aihole_durga_temple/eaf109b618eb.jpg,aihole_durga_temple,train
aihole_durga_temple/fcf16e3640d5.jpg,aihole_durga_temple,train
aihole_durga_temple/fe6c1c719e2f.jpg,aihole_durga_temple,train
aihole_durga_temple/ffb947b56ef1.jpg,aihole_durga_temple,train
aihole_durga_temple/02e8bff3b23f.jpg,aihole_durga_temple,train
aihole_durga_temple/038f3b541007.jpg,aihole_durga_temple,train
aihole_durga_temple/047f2958196a.jpg,aihole_durga_temple,train
aihole_durga_temple/0674e0dd552a.jpg,aihole_durga_temple,train
aihole_durga_temple/06a96c371077.jpg,aihole_durga_temple,train
aihole_durga_temple/07d6b9903801.jpg,aihole_durga_temple,train
aihole_durga_temple/07eefcab66d3.jpg,aihole_durga_temple,train
aihole_durga_temple/08dded072e42.jpg,aihole_durga_temple,train
aihole_durga_temple/098eaa8e01c0.jpg,aihole_durga_temple,train
aihole_durga_temple/0a0aacc1c1ee.jpg,aihole_durga_temple,train
aihole_durga_temple/0b2fcc95ab0a.jpg,aihole_durga_temple,train
aihole_durga_temple/0d5e38d6a102.jpg,aihole_durga_temple,train
aihole_durga_temple/0dc26311a284.jpg,aihole_durga_temple,train
aihole_durga_temple/1043858f5d1c.jpg,aihole_durga_temple,train
aihole_durga_temple/10d04e415be6.jpg,aihole_durga_temple,train
aihole_durga_temple/13becbecb4de.jpg,aihole_durga_temple,train
aihole_durga_temple/14e5fbeaa622.jpg,aihole_durga_temple,train
aihole_durga_temple/17fecba568ae.jpg,aihole_durga_temple,train
aihole_durga_temple/192411c26f0a.jpg,aihole_durga_temple,train
aihole_durga_temple/1b5145c1af3d.jpg,aihole_durga_temple,train
aihole_durga_temple/1b97136a6232.jpg,aihole_durga_temple,train
aihole_durga_temple/1be47796a8a1.jpg,aihole_durga_temple,train
aihole_durga_temple/1c476c28a8bc.jpg,aihole_durga_temple,train
aihole_durga_temple/1c7ae291209a.jpg,aihole_durga_temple,train
aihole_durga_temple/1fa85e04c5c3.jpg,aihole_durga_temple,train
aihole_durga_temple/1fd75d4af4df.jpg,aihole_durga_temple,train
aihole_durga_temple/20c2071b10e4.jpg,aihole_durga_temple,train
aihole_durga_temple/215ecf56ed47.jpg,aihole_durga_temple,train
aihole_durga_temple/22d2eb6e24d7.jpg,aihole_durga_temple,train
aihole_durga_temple/249d7650a898.jpg,aihole_durga_temple,train
aihole_durga_temple/252222b51396.jpg,aihole_durga_temple,train
aihole_durga_temple/268703791215.jpg,aihole_durga_temple,train
aihole_durga_temple/26c49b53d997.jpg,aihole_durga_temple,train
aihole_durga_temple/26e6b2ea3cfe.jpg,aihole_durga_temple,train
aihole_durga_temple/2ced599939f1.jpg,aihole_durga_temple,train
aihole_durga_temple/31cd2a5aa719.jpg,aihole_durga_temple,train
aihole_durga_temple/328fd4e3fb7d.jpg,aihole_durga_temple,train
aihole_durga_temple/34888340b332.jpg,aihole_durga_temple,train
aihole_durga_temple/35c4cdbf89fe.jpg,aihole_durga_temple,train
aihole_durga_temple/39162cc496c7.jpg,aihole_durga_temple,train
aihole_durga_temple/3aea6783d9df.jpg,aihole_durga_temple,train
aihole_durga_temple/3f442aba28c4.jpg,aihole_durga_temple,train
aihole_durga_temple/404198a562fc.jpg,aihole_durga_temple,train
aihole_durga_temple/43bb477462b0.jpg,aihole_durga_temple,train
aihole_durga_temple/44a089a96427.jpg,aihole_durga_temple,train
aihole_durga_temple/4579a1baa128.jpg,aihole_durga_temple,train
aihole_durga_temple/481e9f224347.jpg,aihole_durga_temple,train
aihole_durga_temple/4a809bc84666.jpg,aihole_durga_temple,train
aihole_durga_temple/4b3103cfa319.jpg,aihole_durga_temple,train
aihole_durga_temple/4d2a86285155.jpg,aihole_durga_temple,train
aihole_durga_temple/4f12118b6237.jpg,aihole_durga_temple,train
aihole_durga_temple/52df331a67a1.jpg,aihole_durga_temple,train
aihole_durga_temple/5649aa4eca02.jpg,aihole_durga_temple,train
aihole_durga_temple/5a34eee3319e.jpg,aihole_durga_temple,train
aihole_durga_temple/5fa98594b392.jpg,aihole_durga_temple,train
aihole_durga_temple/62b83a996fb3.jpg,aihole_durga_temple,train
aihole_durga_temple/6340304484ad.jpg,aihole_durga_temple,train
aihole_durga_temple/634a3215dbd3.jpg,aihole_durga_temple,train
aihole_durga_temple/64088464c153.jpg,aihole_durga_temple,train
aihole_durga_temple/66122e16d8ad.jpg,aihole_durga_temple,train
aihole_durga_temple/69951048fb22.jpg,aihole_durga_temple,train
aihole_durga_temple/6de2a261dfce.jpg,aihole_durga_temple,train
aihole_durga_temple/6f8149d68a76.jpg,aihole_durga_temple,train
aihole_durga_temple/70b9fd2f0334.jpg,aihole_durga_temple,train
aihole_durga_temple/731358c7a3f9.jpg,aihole_durga_temple,train
aihole_durga_temple/735203f65eda.jpg,aihole_durga_temple,train
aihole_durga_temple/74f8a353a3e1.jpg,aihole_durga_temple,train
aihole_durga_temple/764472f3c5f6.jpg,aihole_durga_temple,train
aihole_durga_temple/77203d4fd8b2.jpg,aihole_durga_temple,train
aihole_durga_temple/77664c302eef.jpg,aihole_durga_temple,train
aihole_durga_temple/7893d662024c.jpg,aihole_durga_temple,train
aihole_durga_temple/79154a892266.jpg,aihole_durga_temple,train
aihole_durga_temple/79af55428d21.jpg,aihole_durga_temple,train
aihole_durga_temple/7ab0c3102352.jpg,aihole_durga_temple,train
aihole_durga_temple/7d6269a845a8.jpg,aihole_durga_temple,train
aihole_durga_temple/7e012007f5fb.jpg,aihole_durga_temple,train
aihole_durga_temple/7f6a4827a204.jpg,aihole_durga_temple,train
aihole_durga_temple/800d804b8815.jpg,aihole_durga_temple,train
aihole_durga_temple/81506c10ed9c.jpg,aihole_durga_temple,train
aihole_durga_temple/82f1fc1f2fbb.jpg,aihole_durga_temple,train
aihole_durga_temple/87b1b3aff9a6.jpg,aihole_durga_temple,train
aihole_durga_temple/89ad78dd2683.jpg,aihole_durga_temple,train
aihole_durga_temple/8a0f371301ae.jpg,aihole_durga_temple,train
aihole_durga_temple/8ae501796991.jpg,aihole_durga_temple,train
aihole_durga_temple/8dde1ccae8a7.jpg,aihole_durga_temple,train
aihole_durga_temple/9001d1bf357f.jpg,aihole_durga_temple,train
aihole_durga_temple/95866507b9b3.jpg,aihole_durga_temple,train
aihole_durga_temple/95ffa19a8eb6.jpg,aihole_durga_temple,train
aihole_durga_temple/9677a959af0d.jpg,aihole_durga_temple,train
aihole_durga_temple/9920773b3382.jpg,aihole_durga_temple,train
aihole_durga_temple/9ee74011c5e4.jpg,aihole_durga_temple,train
aihole_durga_temple/a00660c8327b.jpg,aihole_durga_temple,train
aihole_durga_temple/a079dd687b41.jpg,aihole_durga_temple,train
aihole_durga_temple/a0d5458b382f.jpg,aihole_durga_temple,train
aihole_durga_temple/a1b7c389e9c6.jpg,aihole_durga_temple,train
aihole_durga_temple/a321a1170aba.jpg,aihole_durga_temple,train
aihole_durga_temple/a36d2799e0a2.jpg,aihole_durga_temple,train
aihole_durga_temple/a3d22a668025.jpg,aihole_durga_temple,train
aihole_durga_temple/a3e2b01c4f57.jpg,aihole_durga_temple,train
aihole_durga_temple/a4aa69743f3d.jpg,aihole_durga_temple,train
aihole_durga_temple/a65fa5912b26.jpg,aihole_durga_temple,train
aihole_durga_temple/a88dc9d70a53.jpg,aihole_durga_temple,train
aihole_durga_temple/a8d7102e8583.jpg,aihole_durga_temple,train
aihole_durga_temple/a8e37cbc65b3.jpg,aihole_durga_temple,train
aihole_durga_temple/a931f8c7ec26.jpg,aihole_durga_temple,train
aihole_durga_temple/a948c3fef8cf.jpg,aihole_durga_temple,train
aihole_durga_temple/a94aeeff88ef.jpg,aihole_durga_temple,train
aihole_durga_temple/ab1caa2c8551.jpg,aihole_durga_temple,train
aihole_durga_temple/ab84d58bd379.jpg,aihole_durga_temple,train
aihole_durga_temple/b23386536a6a.jpg,aihole_durga_temple,train
aihole_durga_temple/b5880a61f492.jpg,aihole_durga_temple,train
aihole_durga_temple/b686f5bc6902.jpg,aihole_durga_temple,train
aihole_durga_temple/ba59ca010342.jpg,aihole_durga_temple,train
aihole_durga_temple/bc716b67c410.jpg,aihole_durga_temple,train
aihole_durga_temple/bcfc64e704a7.jpg,aihole_durga_temple,train
aihole_durga_temple/be8101685b98.jpg,aihole_durga_temple,train
aihole_durga_temple/c45721c7c394.jpg,aihole_durga_temple,train
aihole_durga_temple/c4cf086f6180.jpg,aihole_durga_temple,train
aihole_durga_temple/c7c6366e7664.jpg,aihole_durga_temple,train
aihole_durga_temple/cb1898fde5b1.jpg,aihole_durga_temple,train
aihole_durga_temple/cd197bc14195.jpg,aihole_durga_temple,train
aihole_durga_temple/d06194cda915.jpg,aihole_durga_temple,train
aihole_durga_temple/d0d179724891.jpg,aihole_durga_temple,train
aihole_durga_temple/d131681aa02f.jpg,aihole_durga_temple,train
aihole_durga_temple/d2b044596f16.jpg,aihole_durga_temple,train
aihole_durga_temple/d4f05b895f3a.jpg,aihole_durga_temple,train
aihole_durga_temple/d643b36dda87.jpg,aihole_durga_temple,train
aihole_durga_temple/d7511effa3a3.jpg,aihole_durga_temple,train
aihole_durga_temple/d83b5ae568db.jpg,aihole_durga_temple,train
aihole_durga_temple/da72ba853d94.jpg,aihole_durga_temple,train
aihole_durga_temple/ddeb44f48308.jpg,aihole_durga_temple,train
aihole_durga_temple/de07f2d07a4c.jpg,aihole_durga_temple,train
aihole_durga_temple/e019f3db828e.jpg,aihole_durga_temple,train
aihole_durga_temple/e4ce0635cdda.jpg,aihole_durga_temple,train
aihole_durga_temple/e540958a68f0.jpg,aihole_durga_temple,train
aihole_durga_temple/e94b57fdf3ed.jpg,aihole_durga_temple,train
aihole_durga_temple/ec1c6ba0f2cc.jpg,aihole_durga_temple,train
aihole_durga_temple/ed4e7d91b747.jpg,aihole_durga_temple,train
aihole_durga_temple/f0097d186449.jpg,aihole_durga_temple,train
aihole_durga_temple/f6d99ffd6926.jpg,aihole_durga_temple,train
aihole_durga_temple/f70e6e82ae1c.jpg,aihole_durga_temple,train
aihole_durga_temple/f7c3eb3bed01.jpg,aihole_durga_temple,train
aihole_durga_temple/f82dc4270ab0.jpg,aihole_durga_temple,train
aihole_durga_temple/facfd9109ccc.jpg,aihole_durga_temple,train
aihole_durga_temple/fd03d3950cc3.jpg,aihole_durga_temple,train
aihole_durga_temple/ff93474e12e8.jpg,aihole_durga_temple,train
aihole_ravanaphadi/61ca857a04c1.jpg,aihole_ravanaphadi,test
aihole_ravanaphadi/f9ddcd14b320.jpg,aihole_ravanaphadi,test
aihole_ravanaphadi/167806614db8.jpg,aihole_ravanaphadi,test
aihole_ravanaphadi/e436913ce4fe.jpg,aihole_ravanaphadi,test
aihole_ravanaphadi/dc125ac51d57.jpg,aihole_ravanaphadi,test
aihole_ravanaphadi/a2e3351d90f8.jpg,aihole_ravanaphadi,test
aihole_ravanaphadi/c81361ad0f84.jpg,aihole_ravanaphadi,test
aihole_ravanaphadi/6772756e87f1.jpg,aihole_ravanaphadi,test
aihole_ravanaphadi/b8951e2ddf7b.jpg,aihole_ravanaphadi,test
aihole_ravanaphadi/0b1fd40f41f6.jpg,aihole_ravanaphadi,test
aihole_ravanaphadi/ef780deff44c.jpg,aihole_ravanaphadi,test
aihole_ravanaphadi/09b403db0c91.jpg,aihole_ravanaphadi,val
aihole_ravanaphadi/b84659f14167.jpg,aihole_ravanaphadi,val
aihole_ravanaphadi/590585659501.jpg,aihole_ravanaphadi,val
aihole_ravanaphadi/86b4055bdc3a.jpg,aihole_ravanaphadi,val
aihole_ravanaphadi/07f752b8529d.jpg,aihole_ravanaphadi,val
aihole_ravanaphadi/0fa5b38da177.jpg,aihole_ravanaphadi,val
aihole_ravanaphadi/7819ac05b9e5.jpg,aihole_ravanaphadi,val
aihole_ravanaphadi/3d7b7062b923.jpg,aihole_ravanaphadi,train
aihole_ravanaphadi/600044353068.jpg,aihole_ravanaphadi,train
aihole_ravanaphadi/e5a31e90d5fc.jpg,aihole_ravanaphadi,train
aihole_ravanaphadi/22160312b0e1.jpg,aihole_ravanaphadi,train
aihole_ravanaphadi/d030a9d4739f.jpg,aihole_ravanaphadi,train
aihole_ravanaphadi/ef173621c2df.jpg,aihole_ravanaphadi,train
aihole_ravanaphadi/7810ea0c1444.jpg,aihole_ravanaphadi,train
aihole_ravanaphadi/cad8e18ef751.jpg,aihole_ravanaphadi,train
aihole_ravanaphadi/e2f9d5bb1baf.jpg,aihole_ravanaphadi,train
aihole_ravanaphadi/e70ca83ca569.jpg,aihole_ravanaphadi,train
aihole_ravanaphadi/efc0dd2fec69.jpg,aihole_ravanaphadi,train
aihole_ravanaphadi/04314735f868.jpg,aihole_ravanaphadi,train
aihole_ravanaphadi/22786d955f2d.jpg,aihole_ravanaphadi,train
aihole_ravanaphadi/345fdf103111.jpg,aihole_ravanaphadi,train
aihole_ravanaphadi/4e7cda6bb8aa.jpg,aihole_ravanaphadi,train
aihole_ravanaphadi/7436866d6b81.jpg,aihole_ravanaphadi,train
aihole_ravanaphadi/79e02c5ff0cc.jpg,aihole_ravanaphadi,train
aihole_ravanaphadi/e960daa15295.jpg,aihole_ravanaphadi,train
aihole_ravanaphadi/f270d60c807f.jpg,aihole_ravanaphadi,train
aihole_ravanaphadi/fe1931e49358.jpg,aihole_ravanaphadi,train
aihole_ravanaphadi/5c1921336742.jpg,aihole_ravanaphadi,train
aihole_ravanaphadi/8b8bd62ee5e0.jpg,aihole_ravanaphadi,train
aihole_ravanaphadi/8b9ca29db070.jpg,aihole_ravanaphadi,train
aihole_ravanaphadi/937abcde8ad8.jpg,aihole_ravanaphadi,train
aihole_ravanaphadi/9baf56688cf6.jpg,aihole_ravanaphadi,train
aihole_ravanaphadi/9d8b50f1f255.jpg,aihole_ravanaphadi,train
aihole_ravanaphadi/ba452c539e5c.jpg,aihole_ravanaphadi,train
aihole_ravanaphadi/bbcb1d5eeb5e.jpg,aihole_ravanaphadi,train
aihole_ravanaphadi/d554c9d3e3c3.jpg,aihole_ravanaphadi,train
aihole_ravanaphadi/2b1fcbb9da67.jpg,aihole_ravanaphadi,train
aihole_ravanaphadi/3cfdeb28e9f5.jpg,aihole_ravanaphadi,train
aihole_ravanaphadi/4350f896ead0.jpg,aihole_ravanaphadi,train
aihole_ravanaphadi/49cbfde7d681.jpg,aihole_ravanaphadi,train
aihole_ravanaphadi/6fa8f1f60ef7.jpg,aihole_ravanaphadi,train
aihole_ravanaphadi/81b0276638b3.jpg,aihole_ravanaphadi,train
aihole_ravanaphadi/8c592ea76c8a.jpg,aihole_ravanaphadi,train
aihole_ravanaphadi/8f34b906e680.jpg,aihole_ravanaphadi,train
aihole_ravanaphadi/96a20f071b18.jpg,aihole_ravanaphadi,train
aihole_ravanaphadi/aed37bcac284.jpg,aihole_ravanaphadi,train
aihole_ravanaphadi/ddeb5710c86d.jpg,aihole_ravanaphadi,train
aihole_ravanaphadi/f7fe5967d411.jpg,aihole_ravanaphadi,train
badami_bhutanatha/dad4cafa0309.jpg,badami_bhutanatha,test
badami_bhutanatha/94ae38d0244e.jpg,badami_bhutanatha,test
badami_bhutanatha/0802c21e1b75.jpg,badami_bhutanatha,test
badami_bhutanatha/79138a997efc.jpg,badami_bhutanatha,test
badami_bhutanatha/66aa190c1a6e.jpg,badami_bhutanatha,test
badami_bhutanatha/93ae0d0c1857.jpg,badami_bhutanatha,test
badami_bhutanatha/d8eb6b1731cb.jpg,badami_bhutanatha,test
badami_bhutanatha/b9f986d6aa3f.jpg,badami_bhutanatha,test
badami_bhutanatha/ea55e2145461.jpg,badami_bhutanatha,test
badami_bhutanatha/69402be7e3d3.jpg,badami_bhutanatha,test
badami_bhutanatha/4c2d73bfc0b0.jpg,badami_bhutanatha,test
badami_bhutanatha/8ecb60be289f.jpg,badami_bhutanatha,test
badami_bhutanatha/61a864875fb2.jpg,badami_bhutanatha,test
badami_bhutanatha/a7ef63491919.jpg,badami_bhutanatha,test
badami_bhutanatha/52cd040510e8.jpg,badami_bhutanatha,test
badami_bhutanatha/2f6e26fd208d.jpg,badami_bhutanatha,test
badami_bhutanatha/320c2fb1e49f.jpg,badami_bhutanatha,test
badami_bhutanatha/9c7d60a3ef68.jpg,badami_bhutanatha,test
badami_bhutanatha/831822380cf9.jpg,badami_bhutanatha,test
badami_bhutanatha/d79db8728459.jpg,badami_bhutanatha,test
badami_bhutanatha/bfe0e544748e.jpg,badami_bhutanatha,test
badami_bhutanatha/bcf0d26131e2.jpg,badami_bhutanatha,test
badami_bhutanatha/4a6642ede60a.jpg,badami_bhutanatha,test
badami_bhutanatha/d2e9d952707e.jpg,badami_bhutanatha,test
badami_bhutanatha/84d83ba68451.jpg,badami_bhutanatha,test
badami_bhutanatha/2d05806a0a5a.jpg,badami_bhutanatha,test
badami_bhutanatha/6e32d026128b.jpg,badami_bhutanatha,test
badami_bhutanatha/6a65331b36ad.jpg,badami_bhutanatha,test
badami_bhutanatha/c5a14949d6be.jpg,badami_bhutanatha,test
badami_bhutanatha/579f5f13e145.jpg,badami_bhutanatha,test
badami_bhutanatha/ca8f30ec6c51.jpg,badami_bhutanatha,test
badami_bhutanatha/caa51c54e214.jpg,badami_bhutanatha,test
badami_bhutanatha/b5997b50f369.jpg,badami_bhutanatha,test
badami_bhutanatha/a51a377c4f37.jpg,badami_bhutanatha,test
badami_bhutanatha/1b44091d26a9.jpg,badami_bhutanatha,test
badami_bhutanatha/794d82e381fd.jpg,badami_bhutanatha,test
badami_bhutanatha/0ec65a1b8ac2.jpg,badami_bhutanatha,test
badami_bhutanatha/1dad8a23d3c8.jpg,badami_bhutanatha,test
badami_bhutanatha/5be134eda3f8.jpg,badami_bhutanatha,test
badami_bhutanatha/b925be5a6260.jpg,badami_bhutanatha,test
badami_bhutanatha/f6b124e8f44b.jpg,badami_bhutanatha,test
badami_bhutanatha/733ac8669ca5.jpg,badami_bhutanatha,test
badami_bhutanatha/f76f59f38c7a.jpg,badami_bhutanatha,test
badami_bhutanatha/1ef47833697c.jpg,badami_bhutanatha,test
badami_bhutanatha/9d8a33dcdd41.jpg,badami_bhutanatha,test
badami_bhutanatha/a47d9fbd80fc.jpg,badami_bhutanatha,test
badami_bhutanatha/3dc69926c7a7.jpg,badami_bhutanatha,test
badami_bhutanatha/6d1d4b08f6af.jpg,badami_bhutanatha,test
badami_bhutanatha/766cbe6527bb.jpg,badami_bhutanatha,test
badami_bhutanatha/fe120c0bf2bc.jpg,badami_bhutanatha,test
badami_bhutanatha/82d6d09bd2d9.jpg,badami_bhutanatha,test
badami_bhutanatha/c76c88a0ec79.jpg,badami_bhutanatha,val
badami_bhutanatha/4d62796385ef.jpg,badami_bhutanatha,val
badami_bhutanatha/7a5f5960dcd9.jpg,badami_bhutanatha,val
badami_bhutanatha/167719f7ee34.jpg,badami_bhutanatha,val
badami_bhutanatha/f0a775c46ce1.jpg,badami_bhutanatha,val
badami_bhutanatha/8a24513c90be.jpg,badami_bhutanatha,val
badami_bhutanatha/b19a550a8c33.jpg,badami_bhutanatha,val
badami_bhutanatha/9f64909aea16.jpg,badami_bhutanatha,val
badami_bhutanatha/fe3ffa59a45a.jpg,badami_bhutanatha,val
badami_bhutanatha/270111bdb272.jpg,badami_bhutanatha,val
badami_bhutanatha/2cf0e0d55989.jpg,badami_bhutanatha,val
badami_bhutanatha/2e0bfa25f2ad.jpg,badami_bhutanatha,val
badami_bhutanatha/b8b85a632bac.jpg,badami_bhutanatha,val
badami_bhutanatha/04bcd74bfed6.jpg,badami_bhutanatha,val
badami_bhutanatha/6617d3a4abcb.jpg,badami_bhutanatha,val
badami_bhutanatha/e4dfe127673f.jpg,badami_bhutanatha,val
badami_bhutanatha/f10e30993cb7.jpg,badami_bhutanatha,val
badami_bhutanatha/005fd000b27d.jpg,badami_bhutanatha,val
badami_bhutanatha/1ad5e3090add.jpg,badami_bhutanatha,val
badami_bhutanatha/3a9988ea4a6a.jpg,badami_bhutanatha,val
badami_bhutanatha/85cfbadc58f6.jpg,badami_bhutanatha,val
badami_bhutanatha/09251e294a4d.jpg,badami_bhutanatha,val
badami_bhutanatha/382f3efbcba3.jpg,badami_bhutanatha,val
badami_bhutanatha/4b72486d0bc2.jpg,badami_bhutanatha,val
badami_bhutanatha/e71fadd633a1.jpg,badami_bhutanatha,val
badami_bhutanatha/00cf83230697.jpg,badami_bhutanatha,val
badami_bhutanatha/cb6512119c46.jpg,badami_bhutanatha,val
badami_bhutanatha/8f9813c523f5.jpg,badami_bhutanatha,val
badami_bhutanatha/f97091fc2d50.jpg,badami_bhutanatha,val
badami_bhutanatha/0f3346131575.jpg,badami_bhutanatha,val
badami_bhutanatha/0f3b0bc85b84.jpg,badami_bhutanatha,val
badami_bhutanatha/1d7d6c72ffac.jpg,badami_bhutanatha,val
badami_bhutanatha/272aecd126fd.jpg,badami_bhutanatha,val
badami_bhutanatha/75fcd467afbf.jpg,badami_bhutanatha,train
badami_bhutanatha/95fa479757db.jpg,badami_bhutanatha,train
badami_bhutanatha/b24065210546.jpg,badami_bhutanatha,train
badami_bhutanatha/401c0c509147.jpg,badami_bhutanatha,train
badami_bhutanatha/458b5e5ed36c.jpg,badami_bhutanatha,train
badami_bhutanatha/794544d9149c.jpg,badami_bhutanatha,train
badami_bhutanatha/25177e9a4c0b.jpg,badami_bhutanatha,train
badami_bhutanatha/90b95dae4af7.jpg,badami_bhutanatha,train
badami_bhutanatha/b5d15b74a605.jpg,badami_bhutanatha,train
badami_bhutanatha/067314576d49.jpg,badami_bhutanatha,train
badami_bhutanatha/206f09ad05f4.jpg,badami_bhutanatha,train
badami_bhutanatha/28ec3762396f.jpg,badami_bhutanatha,train
badami_bhutanatha/b902370939d0.jpg,badami_bhutanatha,train
badami_bhutanatha/1ae1141e7e16.jpg,badami_bhutanatha,train
badami_bhutanatha/421f6e3be669.jpg,badami_bhutanatha,train
badami_bhutanatha/ebd969248aeb.jpg,badami_bhutanatha,train
badami_bhutanatha/eec243e59d67.jpg,badami_bhutanatha,train
badami_bhutanatha/48e77afeb6a6.jpg,badami_bhutanatha,train
badami_bhutanatha/523cfc3f4706.jpg,badami_bhutanatha,train
badami_bhutanatha/9ee1e21d0ac6.jpg,badami_bhutanatha,train
badami_bhutanatha/9fe5ac44427c.jpg,badami_bhutanatha,train
badami_bhutanatha/1e96e85866c4.jpg,badami_bhutanatha,train
badami_bhutanatha/5609a35c2b20.jpg,badami_bhutanatha,train
badami_bhutanatha/58a9e06de46c.jpg,badami_bhutanatha,train
badami_bhutanatha/9ad340f1e1ef.jpg,badami_bhutanatha,train
badami_bhutanatha/4768ece1e465.jpg,badami_bhutanatha,train
badami_bhutanatha/4f5ea7dcc66c.jpg,badami_bhutanatha,train
badami_bhutanatha/52b4bb430c3d.jpg,badami_bhutanatha,train
badami_bhutanatha/709f09ee5b82.jpg,badami_bhutanatha,train
badami_bhutanatha/f664a8e14d15.jpg,badami_bhutanatha,train
badami_bhutanatha/5062d0986f97.jpg,badami_bhutanatha,train
badami_bhutanatha/984a978abbae.jpg,badami_bhutanatha,train
badami_bhutanatha/a31e7c71b07e.jpg,badami_bhutanatha,train
badami_bhutanatha/c53e40d72069.jpg,badami_bhutanatha,train
badami_bhutanatha/e86737c7dff8.jpg,badami_bhutanatha,train
badami_bhutanatha/fc06d018a0e7.jpg,badami_bhutanatha,train
badami_bhutanatha/740f0359e1c8.jpg,badami_bhutanatha,train
badami_bhutanatha/772812de6fd3.jpg,badami_bhutanatha,train
badami_bhutanatha/85d0e645979e.jpg,badami_bhutanatha,train
badami_bhutanatha/ae6548ae8e79.jpg,badami_bhutanatha,train
badami_bhutanatha/c24f7fb51577.jpg,badami_bhutanatha,train
badami_bhutanatha/de60558ae5cf.jpg,badami_bhutanatha,train
badami_bhutanatha/16e70fedfc5f.jpg,badami_bhutanatha,train
badami_bhutanatha/57a2010c2a81.jpg,badami_bhutanatha,train
badami_bhutanatha/993dfb36076b.jpg,badami_bhutanatha,train
badami_bhutanatha/a08f4b1df09c.jpg,badami_bhutanatha,train
badami_bhutanatha/ed14a8817c1b.jpg,badami_bhutanatha,train
badami_bhutanatha/efee82c49296.jpg,badami_bhutanatha,train
badami_bhutanatha/4e15dbbbf619.jpg,badami_bhutanatha,train
badami_bhutanatha/4e5061d608f5.jpg,badami_bhutanatha,train
badami_bhutanatha/6efb6b87b8c8.jpg,badami_bhutanatha,train
badami_bhutanatha/7714b4591df7.jpg,badami_bhutanatha,train
badami_bhutanatha/9012abc559ba.jpg,badami_bhutanatha,train
badami_bhutanatha/c4cfaf88fbf5.jpg,badami_bhutanatha,train
badami_bhutanatha/e76570ca156d.jpg,badami_bhutanatha,train
badami_bhutanatha/11ae4301a136.jpg,badami_bhutanatha,train
badami_bhutanatha/2e42acec4cdd.jpg,badami_bhutanatha,train
badami_bhutanatha/6393f1165fef.jpg,badami_bhutanatha,train
badami_bhutanatha/aba7330b0bd7.jpg,badami_bhutanatha,train
badami_bhutanatha/c2046c0153f4.jpg,badami_bhutanatha,train
badami_bhutanatha/d3c6b97dcb9c.jpg,badami_bhutanatha,train
badami_bhutanatha/f2ad4ef127c0.jpg,badami_bhutanatha,train
badami_bhutanatha/43012c3ca7ba.jpg,badami_bhutanatha,train
badami_bhutanatha/5f2d37e90c4c.jpg,badami_bhutanatha,train
badami_bhutanatha/62d02a6e9f56.jpg,badami_bhutanatha,train
badami_bhutanatha/6dc94e6338b9.jpg,badami_bhutanatha,train
badami_bhutanatha/737a37280bbc.jpg,badami_bhutanatha,train
badami_bhutanatha/a446a2fa8afd.jpg,badami_bhutanatha,train
badami_bhutanatha/bc98e041119a.jpg,badami_bhutanatha,train
badami_bhutanatha/cfff6d5efdf4.jpg,badami_bhutanatha,train
badami_bhutanatha/edb13c7cb088.jpg,badami_bhutanatha,train
badami_bhutanatha/f88b92ef63df.jpg,badami_bhutanatha,train
badami_bhutanatha/fcf3289e757b.jpg,badami_bhutanatha,train
badami_bhutanatha/0a4d94e7710d.jpg,badami_bhutanatha,train
badami_bhutanatha/2603daf7d086.jpg,badami_bhutanatha,train
badami_bhutanatha/599bad2487f8.jpg,badami_bhutanatha,train
badami_bhutanatha/74cc05b4e746.jpg,badami_bhutanatha,train
badami_bhutanatha/76c4fd3a9a2f.jpg,badami_bhutanatha,train
badami_bhutanatha/7dfb1f6e7254.jpg,badami_bhutanatha,train
badami_bhutanatha/897dabbdba15.jpg,badami_bhutanatha,train
badami_bhutanatha/a7a2265c683c.jpg,badami_bhutanatha,train
badami_bhutanatha/c50fb053c0db.jpg,badami_bhutanatha,train
badami_bhutanatha/f7a0f7fb81c7.jpg,badami_bhutanatha,train
badami_bhutanatha/feabfcb77fb3.jpg,badami_bhutanatha,train
badami_bhutanatha/0db7c108d889.jpg,badami_bhutanatha,train
badami_bhutanatha/218df955b1bd.jpg,badami_bhutanatha,train
badami_bhutanatha/3c0c3bf02ae3.jpg,badami_bhutanatha,train
badami_bhutanatha/3d67c56308b3.jpg,badami_bhutanatha,train
badami_bhutanatha/7e304183354f.jpg,badami_bhutanatha,train
badami_bhutanatha/a630c58ea8af.jpg,badami_bhutanatha,train
badami_bhutanatha/b4f58921c671.jpg,badami_bhutanatha,train
badami_bhutanatha/cb309d083631.jpg,badami_bhutanatha,train
badami_bhutanatha/cee2fe8fc550.jpg,badami_bhutanatha,train
badami_bhutanatha/cf429682848a.jpg,badami_bhutanatha,train
badami_bhutanatha/d9e743d42a51.jpg,badami_bhutanatha,train
badami_bhutanatha/f1d38e1f2b57.jpg,badami_bhutanatha,train
badami_bhutanatha/081085cf2248.jpg,badami_bhutanatha,train
badami_bhutanatha/0cad0512e451.jpg,badami_bhutanatha,train
badami_bhutanatha/0d4b9fdedda9.jpg,badami_bhutanatha,train
badami_bhutanatha/237c086c8acf.jpg,badami_bhutanatha,train
badami_bhutanatha/2720f16aad30.jpg,badami_bhutanatha,train
badami_bhutanatha/28409443e9c7.jpg,badami_bhutanatha,train
badami_bhutanatha/33def4a628af.jpg,badami_bhutanatha,train
badami_bhutanatha/3b4f2580ff42.jpg,badami_bhutanatha,train
badami_bhutanatha/3e052a96d270.jpg,badami_bhutanatha,train
badami_bhutanatha/581bcd7c29af.jpg,badami_bhutanatha,train
badami_bhutanatha/73a4d050c2f6.jpg,badami_bhutanatha,train
badami_bhutanatha/743fc5cfe5c6.jpg,badami_bhutanatha,train
badami_bhutanatha/949432a85dab.jpg,badami_bhutanatha,train
badami_bhutanatha/9a08f6246491.jpg,badami_bhutanatha,train
badami_bhutanatha/a42ec8c027ed.jpg,badami_bhutanatha,train
badami_bhutanatha/a7e4963d6bbf.jpg,badami_bhutanatha,train
badami_bhutanatha/b3b934315a79.jpg,badami_bhutanatha,train
badami_bhutanatha/c3a37d9b3ac3.jpg,badami_bhutanatha,train
badami_bhutanatha/cd3dddbf94c1.jpg,badami_bhutanatha,train
badami_bhutanatha/d2b541674e98.jpg,badami_bhutanatha,train
badami_bhutanatha/db5c9a92a911.jpg,badami_bhutanatha,train
badami_bhutanatha/f65bedc49e91.jpg,badami_bhutanatha,train
badami_bhutanatha/0492e4a66877.jpg,badami_bhutanatha,train
badami_bhutanatha/0740898d88fb.jpg,badami_bhutanatha,train
badami_bhutanatha/078039b6c664.jpg,badami_bhutanatha,train
badami_bhutanatha/0994e3ad5ceb.jpg,badami_bhutanatha,train
badami_bhutanatha/0bea2539cd0d.jpg,badami_bhutanatha,train
badami_bhutanatha/0e96f12f95c4.jpg,badami_bhutanatha,train
badami_bhutanatha/0f2d03a6ed5c.jpg,badami_bhutanatha,train
badami_bhutanatha/12f98f654d45.jpg,badami_bhutanatha,train
badami_bhutanatha/1569bf368535.jpg,badami_bhutanatha,train
badami_bhutanatha/19584ffbb4c0.jpg,badami_bhutanatha,train
badami_bhutanatha/1a9731cfca60.jpg,badami_bhutanatha,train
badami_bhutanatha/1db759331c9c.jpg,badami_bhutanatha,train
badami_bhutanatha/1e34643b98ac.jpg,badami_bhutanatha,train
badami_bhutanatha/208193978634.jpg,badami_bhutanatha,train
badami_bhutanatha/29c67b149a7e.jpg,badami_bhutanatha,train
badami_bhutanatha/2a4947584cb2.jpg,badami_bhutanatha,train
badami_bhutanatha/3131c52fd522.jpg,badami_bhutanatha,train
badami_bhutanatha/33e279f972d2.jpg,badami_bhutanatha,train
badami_bhutanatha/393f216ac3c5.jpg,badami_bhutanatha,train
badami_bhutanatha/3a3302e80612.jpg,badami_bhutanatha,train
badami_bhutanatha/433d6fc49272.jpg,badami_bhutanatha,train
badami_bhutanatha/43c4861bb502.jpg,badami_bhutanatha,train
badami_bhutanatha/4cc067fcd93e.jpg,badami_bhutanatha,train
badami_bhutanatha/4f2fa5a8d7c9.jpg,badami_bhutanatha,train
badami_bhutanatha/510b4166c1b9.jpg,badami_bhutanatha,train
badami_bhutanatha/54ae2cb22902.jpg,badami_bhutanatha,train
badami_bhutanatha/55868f9ad33f.jpg,badami_bhutanatha,train
badami_bhutanatha/62a537e4ee72.jpg,badami_bhutanatha,train
badami_bhutanatha/639ad46a74e7.jpg,badami_bhutanatha,train
badami_bhutanatha/65374a23fc00.jpg,badami_bhutanatha,train
badami_bhutanatha/657c7d9b5b35.jpg,badami_bhutanatha,train
badami_bhutanatha/65a545f9eb35.jpg,badami_bhutanatha,train
badami_bhutanatha/6980b6f2b903.jpg,badami_bhutanatha,train
badami_bhutanatha/6a7d096af26a.jpg,badami_bhutanatha,train
badami_bhutanatha/6e9645cbaf94.jpg,badami_bhutanatha,train
badami_bhutanatha/743e5e9e85fa.jpg,badami_bhutanatha,train
badami_bhutanatha/7932981d84a3.jpg,badami_bhutanatha,train
badami_bhutanatha/800fbe5deb77.jpg,badami_bhutanatha,train
badami_bhutanatha/809fd1d32c71.jpg,badami_bhutanatha,train
badami_bhutanatha/861a075d54df.jpg,badami_bhutanatha,train
badami_bhutanatha/884bbd62f7c4.jpg,badami_bhutanatha,train
badami_bhutanatha/896aa4e6af44.jpg,badami_bhutanatha,train
badami_bhutanatha/8999535ba4dc.jpg,badami_bhutanatha,train
badami_bhutanatha/8a541742e402.jpg,badami_bhutanatha,train
badami_bhutanatha/8fcef2d9dc37.jpg,badami_bhutanatha,train
badami_bhutanatha/9248bb7a7982.jpg,badami_bhutanatha,train
badami_bhutanatha/9596c7cdd958.jpg,badami_bhutanatha,train
badami_bhutanatha/99c4748ed4dd.jpg,badami_bhutanatha,train
badami_bhutanatha/9ab8908b99ae.jpg,badami_bhutanatha,train
badami_bhutanatha/a4fe82359e5a.jpg,badami_bhutanatha,train
badami_bhutanatha/a9e6c1880dc3.jpg,badami_bhutanatha,train
badami_bhutanatha/ab8426f208b7.jpg,badami_bhutanatha,train
badami_bhutanatha/b191d8e175e5.jpg,badami_bhutanatha,train
badami_bhutanatha/b5ecdc5a181b.jpg,badami_bhutanatha,train
badami_bhutanatha/b8dd7ac09796.jpg,badami_bhutanatha,train
badami_bhutanatha/bb45f088fe9d.jpg,badami_bhutanatha,train
badami_bhutanatha/c28938d39e6e.jpg,badami_bhutanatha,train
badami_bhutanatha/c2e2c54ca0a9.jpg,badami_bhutanatha,train
badami_bhutanatha/c73dc2772aeb.jpg,badami_bhutanatha,train
badami_bhutanatha/cb2bb2bb429b.jpg,badami_bhutanatha,train
badami_bhutanatha/ced956f34f46.jpg,badami_bhutanatha,train
badami_bhutanatha/d043dcda754c.jpg,badami_bhutanatha,train
badami_bhutanatha/d2bb0cc9048d.jpg,badami_bhutanatha,train
badami_bhutanatha/d6446ff566d5.jpg,badami_bhutanatha,train
badami_bhutanatha/d998916587e1.jpg,badami_bhutanatha,train
badami_bhutanatha/db73eb206024.jpg,badami_bhutanatha,train
badami_bhutanatha/de654c1bb4aa.jpg,badami_bhutanatha,train
badami_bhutanatha/e11b69755394.jpg,badami_bhutanatha,train
badami_bhutanatha/e572b3af10fb.jpg,badami_bhutanatha,train
badami_bhutanatha/e59bf944d020.jpg,badami_bhutanatha,train
badami_bhutanatha/ea5ba2c8dbee.jpg,badami_bhutanatha,train
badami_bhutanatha/eada473bf2dd.jpg,badami_bhutanatha,train
badami_bhutanatha/ede2b6a380f5.jpg,badami_bhutanatha,train
badami_bhutanatha/f068fc0625ef.jpg,badami_bhutanatha,train
badami_bhutanatha/f47f3bce6627.jpg,badami_bhutanatha,train
badami_bhutanatha/f5b143e7d906.jpg,badami_bhutanatha,train
badami_bhutanatha/f80e3b162cc9.jpg,badami_bhutanatha,train
badami_bhutanatha/f9db49012799.jpg,badami_bhutanatha,train
badami_bhutanatha/fbac3c98e35b.jpg,badami_bhutanatha,train
badami_bhutanatha/fc696b734c36.jpg,badami_bhutanatha,train
badami_bhutanatha/ff33d1b0a9c2.jpg,badami_bhutanatha,train
badami_bhutanatha/ffc83aa938c2.jpg,badami_bhutanatha,train
badami_c1_ardhanarishvara/bb589ee9f22a.jpg,badami_c1_ardhanarishvara,test
badami_c1_ardhanarishvara/84d91c10e4da.jpg,badami_c1_ardhanarishvara,test
badami_c1_ardhanarishvara/6ef3623a5d09.jpg,badami_c1_ardhanarishvara,test
badami_c1_ardhanarishvara/9a86167691ca.jpg,badami_c1_ardhanarishvara,test
badami_c1_ardhanarishvara/d2e3619d75a0.jpg,badami_c1_ardhanarishvara,val
badami_c1_ardhanarishvara/2799993ab3df.jpg,badami_c1_ardhanarishvara,val
badami_c1_ardhanarishvara/d8bfa164b9a9.jpg,badami_c1_ardhanarishvara,val
badami_c1_ardhanarishvara/8821f2224825.jpg,badami_c1_ardhanarishvara,train
badami_c1_ardhanarishvara/02f3b1387422.jpg,badami_c1_ardhanarishvara,train
badami_c1_ardhanarishvara/fd8d1f7c3eb6.jpg,badami_c1_ardhanarishvara,train
badami_c1_ardhanarishvara/dc4403d0c6c7.jpg,badami_c1_ardhanarishvara,train
badami_c1_ardhanarishvara/1be0c1b4dcac.jpg,badami_c1_ardhanarishvara,train
badami_c1_ardhanarishvara/050dc8e7c5f0.jpg,badami_c1_ardhanarishvara,train
badami_c1_ardhanarishvara/ffc3136cffd5.jpg,badami_c1_ardhanarishvara,train
badami_c1_ardhanarishvara/eb47f381b682.jpg,badami_c1_ardhanarishvara,train
badami_c1_ardhanarishvara/16c2252d717e.jpg,badami_c1_ardhanarishvara,train
badami_c1_ardhanarishvara/7b413db3b4f6.jpg,badami_c1_ardhanarishvara,train
badami_c1_ardhanarishvara/94c24c366199.jpg,badami_c1_ardhanarishvara,train
badami_c1_ardhanarishvara/fbe957eb07bc.jpg,badami_c1_ardhanarishvara,train
badami_c1_ardhanarishvara/2be193a2b471.jpg,badami_c1_ardhanarishvara,train
badami_c1_ardhanarishvara/565b2df89035.jpg,badami_c1_ardhanarishvara,train
badami_c1_ardhanarishvara/66dcb0a876c7.jpg,badami_c1_ardhanarishvara,train
badami_c1_ardhanarishvara/81c4b3b85b1d.jpg,badami_c1_ardhanarishvara,train
badami_c1_harihara/dd70d55c5024.jpg,badami_c1_harihara,test
badami_c1_harihara/869a782db8be.jpg,badami_c1_harihara,test
badami_c1_harihara/9311a011cef4.jpg,badami_c1_harihara,test
badami_c1_harihara/6ba83253c931.jpg,badami_c1_harihara,test
badami_c1_harihara/fc7826d0b57e.jpg,badami_c1_harihara,val
badami_c1_harihara/408333f881d0.jpg,badami_c1_harihara,val
badami_c1_harihara/3df1447a1217.jpg,badami_c1_harihara,val
badami_c1_harihara/6b6339231a63.jpg,badami_c1_harihara,train
badami_c1_harihara/19e2e8928e92.jpg,badami_c1_harihara,train
badami_c1_harihara/4a95b1dbeaff.jpg,badami_c1_harihara,train
badami_c1_harihara/d0689ddd39aa.jpg,badami_c1_harihara,train
badami_c1_harihara/35d76dbde595.jpg,badami_c1_harihara,train
badami_c1_harihara/68fdff4a1311.jpg,badami_c1_harihara,train
badami_c1_harihara/6cdac2f294af.jpg,badami_c1_harihara,train
badami_c1_harihara/c50c1db741c9.jpg,badami_c1_harihara,train
badami_c1_harihara/718eab784ad1.jpg,badami_c1_harihara,train
badami_c1_harihara/d252a9ea8087.jpg,badami_c1_harihara,train
badami_c1_harihara/006accd92d23.jpg,badami_c1_harihara,train
badami_c1_harihara/3dbd360cdee3.jpg,badami_c1_harihara,train
badami_c1_harihara/52f8a6d1236c.jpg,badami_c1_harihara,train
badami_c1_harihara/778f01e5108d.jpg,badami_c1_harihara,train
badami_c1_harihara/938ac6b688b6.jpg,badami_c1_harihara,train
badami_c1_harihara/f40d4f4684cf.jpg,badami_c1_harihara,train
badami_c1_mahishasuramardini/60232e4eb3cf.jpg,badami_c1_mahishasuramardini,test
badami_c1_mahishasuramardini/32cb893b4039.jpg,badami_c1_mahishasuramardini,test
badami_c1_mahishasuramardini/9bf8e39c1c4e.jpg,badami_c1_mahishasuramardini,test
badami_c1_mahishasuramardini/69a230aa9367.jpg,badami_c1_mahishasuramardini,val
badami_c1_mahishasuramardini/18dc94d572e1.jpg,badami_c1_mahishasuramardini,val
badami_c1_mahishasuramardini/92e5933735e7.jpg,badami_c1_mahishasuramardini,train
badami_c1_mahishasuramardini/44b927af57ab.jpg,badami_c1_mahishasuramardini,train
badami_c1_mahishasuramardini/e6ce8f054f6c.jpg,badami_c1_mahishasuramardini,train
badami_c1_mahishasuramardini/0a87634ae751.jpg,badami_c1_mahishasuramardini,train
badami_c1_mahishasuramardini/19e9d23f5173.jpg,badami_c1_mahishasuramardini,train
badami_c1_mahishasuramardini/40b19bfe4c6b.jpg,badami_c1_mahishasuramardini,train
badami_c1_mahishasuramardini/7758a10d0b13.jpg,badami_c1_mahishasuramardini,train
badami_c1_mahishasuramardini/8cf27a30c9b6.jpg,badami_c1_mahishasuramardini,train
badami_c1_mahishasuramardini/9a70f571a559.jpg,badami_c1_mahishasuramardini,train
badami_c1_mahishasuramardini/b25c202ef2e0.jpg,badami_c1_mahishasuramardini,train
badami_c1_mahishasuramardini/c7f936f5c9fe.jpg,badami_c1_mahishasuramardini,train
badami_c1_nataraja/560cbdf29287.jpg,badami_c1_nataraja,test
badami_c1_nataraja/0180f98df67f.jpg,badami_c1_nataraja,test
badami_c1_nataraja/4940833e06dc.jpg,badami_c1_nataraja,test
badami_c1_nataraja/707e60847853.jpg,badami_c1_nataraja,test
badami_c1_nataraja/ecdd175f7f5f.jpg,badami_c1_nataraja,test
badami_c1_nataraja/6aeb1a4d9eb4.jpg,badami_c1_nataraja,test
badami_c1_nataraja/707d1d26da37.jpg,badami_c1_nataraja,test
badami_c1_nataraja/ad6f4b993ed1.jpg,badami_c1_nataraja,val
badami_c1_nataraja/8640758e4f70.jpg,badami_c1_nataraja,val
badami_c1_nataraja/dd3cb09d8ca8.jpg,badami_c1_nataraja,val
badami_c1_nataraja/cdddbcf81452.jpg,badami_c1_nataraja,val
badami_c1_nataraja/fb1dc164d812.jpg,badami_c1_nataraja,train
badami_c1_nataraja/b41dc670f16f.jpg,badami_c1_nataraja,train
badami_c1_nataraja/7b105dcb9d89.jpg,badami_c1_nataraja,train
badami_c1_nataraja/8e9794229b6f.jpg,badami_c1_nataraja,train
badami_c1_nataraja/e68e735318bb.jpg,badami_c1_nataraja,train
badami_c1_nataraja/0f66ba5805f7.jpg,badami_c1_nataraja,train
badami_c1_nataraja/a66542c7bcd0.jpg,badami_c1_nataraja,train
badami_c1_nataraja/985d39a06cbd.jpg,badami_c1_nataraja,train
badami_c1_nataraja/57d486c4b86b.jpg,badami_c1_nataraja,train
badami_c1_nataraja/8814028e9999.jpg,badami_c1_nataraja,train
badami_c1_nataraja/25d4e9c4869f.jpg,badami_c1_nataraja,train
badami_c1_nataraja/3d00f9712876.jpg,badami_c1_nataraja,train
badami_c1_nataraja/467dce6f90de.jpg,badami_c1_nataraja,train
badami_c1_nataraja/5b33747a794c.jpg,badami_c1_nataraja,train
badami_c1_nataraja/83d72b4b8ad1.jpg,badami_c1_nataraja,train
badami_c1_nataraja/13ca2d41d090.jpg,badami_c1_nataraja,train
badami_c1_nataraja/30bcf8ec89b8.jpg,badami_c1_nataraja,train
badami_c1_nataraja/43c76ca125ed.jpg,badami_c1_nataraja,train
badami_c1_nataraja/45325c78c340.jpg,badami_c1_nataraja,train
badami_c1_nataraja/74f2e567e39d.jpg,badami_c1_nataraja,train
badami_c1_nataraja/778837da9395.jpg,badami_c1_nataraja,train
badami_c1_nataraja/7ce079696d06.jpg,badami_c1_nataraja,train
badami_c1_nataraja/81c400bcf3a5.jpg,badami_c1_nataraja,train
badami_c1_nataraja/988175765ed9.jpg,badami_c1_nataraja,train
badami_c1_nataraja/c20e89c225ae.jpg,badami_c1_nataraja,train
badami_c1_nataraja/e66ba090ccca.jpg,badami_c1_nataraja,train
badami_c2_trivikrama/74975f63b56f.jpg,badami_c2_trivikrama,test
badami_c2_trivikrama/a7a22455525c.jpg,badami_c2_trivikrama,test
badami_c2_trivikrama/bc760fa208b6.jpg,badami_c2_trivikrama,test
badami_c2_trivikrama/bb2d6a09430a.jpg,badami_c2_trivikrama,test
badami_c2_trivikrama/07d871e541dd.jpg,badami_c2_trivikrama,val
badami_c2_trivikrama/e5430a08f742.jpg,badami_c2_trivikrama,val
badami_c2_trivikrama/9ef2e34d2d2c.jpg,badami_c2_trivikrama,val
badami_c2_trivikrama/9bd561bebb5c.jpg,badami_c2_trivikrama,train
badami_c2_trivikrama/fa6a45bed78a.jpg,badami_c2_trivikrama,train
badami_c2_trivikrama/2448422c2db1.jpg,badami_c2_trivikrama,train
badami_c2_trivikrama/c859459c0f57.jpg,badami_c2_trivikrama,train
badami_c2_trivikrama/2f28b7031f16.jpg,badami_c2_trivikrama,train
badami_c2_trivikrama/8d4fa3d35eed.jpg,badami_c2_trivikrama,train
badami_c2_trivikrama/2d460d5d6a20.jpg,badami_c2_trivikrama,train
badami_c2_trivikrama/87b84d6ab5cb.jpg,badami_c2_trivikrama,train
badami_c2_trivikrama/72eacaf42a42.jpg,badami_c2_trivikrama,train
badami_c2_trivikrama/80de8b04baad.jpg,badami_c2_trivikrama,train
badami_c2_trivikrama/db05a1fd0d6e.jpg,badami_c2_trivikrama,train
badami_c2_trivikrama/104a80e5f2a7.jpg,badami_c2_trivikrama,train
badami_c2_trivikrama/5a0df9bb2eb4.jpg,badami_c2_trivikrama,train
badami_c2_trivikrama/797d931c22dd.jpg,badami_c2_trivikrama,train
badami_c2_trivikrama/c5dfaae1f6e8.jpg,badami_c2_trivikrama,train
badami_c2_trivikrama/c6a95bf903d6.jpg,badami_c2_trivikrama,train
badami_c2_varaha/461ab3b5ffa4.jpg,badami_c2_varaha,test
badami_c2_varaha/332711ae32fd.jpg,badami_c2_varaha,test
badami_c2_varaha/18fdc265ac70.jpg,badami_c2_varaha,test
badami_c2_varaha/3cd2aa2d51d9.jpg,badami_c2_varaha,val
badami_c2_varaha/730ffe76dddf.jpg,badami_c2_varaha,val
badami_c2_varaha/a63f2813a82b.jpg,badami_c2_varaha,train
badami_c2_varaha/c22607947e14.jpg,badami_c2_varaha,train
badami_c2_varaha/a8ad07aa62e2.jpg,badami_c2_varaha,train
badami_c2_varaha/baa6ee4886f0.jpg,badami_c2_varaha,train
badami_c2_varaha/1a37e04f18e8.jpg,badami_c2_varaha,train
badami_c2_varaha/3effc4f8e36f.jpg,badami_c2_varaha,train
badami_c2_varaha/2ff0610d5bec.jpg,badami_c2_varaha,train
badami_c2_varaha/10d7f4d52e56.jpg,badami_c2_varaha,train
badami_c2_varaha/84f8fb2a214d.jpg,badami_c2_varaha,train
badami_c2_varaha/fad40995154c.jpg,badami_c2_varaha,train
badami_c3_narasimha/8dcbffc3ee53.jpg,badami_c3_narasimha,test
badami_c3_narasimha/c85da59720d5.jpg,badami_c3_narasimha,test
badami_c3_narasimha/2e30990ef58a.jpg,badami_c3_narasimha,test
badami_c3_narasimha/fc90d1b73b70.jpg,badami_c3_narasimha,test
badami_c3_narasimha/67b9f41d3804.jpg,badami_c3_narasimha,test
badami_c3_narasimha/5efae7e76fdd.jpg,badami_c3_narasimha,val
badami_c3_narasimha/b4808ea7f93a.jpg,badami_c3_narasimha,val
badami_c3_narasimha/7ed74b430848.jpg,badami_c3_narasimha,val
badami_c3_narasimha/a171005cc7f9.jpg,badami_c3_narasimha,train
badami_c3_narasimha/bfefb85f0636.jpg,badami_c3_narasimha,train
badami_c3_narasimha/14468f3b3a5e.jpg,badami_c3_narasimha,train
badami_c3_narasimha/82633b3fcd60.jpg,badami_c3_narasimha,train
badami_c3_narasimha/5cb8ca5945f7.jpg,badami_c3_narasimha,train
badami_c3_narasimha/b6b1f2c35824.jpg,badami_c3_narasimha,train
badami_c3_narasimha/b8972a3eeba7.jpg,badami_c3_narasimha,train
badami_c3_narasimha/4091597578fc.jpg,badami_c3_narasimha,train
badami_c3_narasimha/4482e64cb584.jpg,badami_c3_narasimha,train
badami_c3_narasimha/60558a584d70.jpg,badami_c3_narasimha,train
badami_c3_narasimha/b3ca88a62a7a.jpg,badami_c3_narasimha,train
badami_c3_narasimha/deb71f133a6c.jpg,badami_c3_narasimha,train
badami_c3_narasimha/b3cf9e6fdb89.jpg,badami_c3_narasimha,train
badami_c3_narasimha/e0953a9f6d2e.jpg,badami_c3_narasimha,train
badami_c3_narasimha/ea4a670af4ac.jpg,badami_c3_narasimha,train
badami_c3_narasimha/eb7a59ed6634.jpg,badami_c3_narasimha,train
badami_c3_narasimha/37862fa67fa6.jpg,badami_c3_narasimha,train
badami_c3_narasimha/612fdffedc4c.jpg,badami_c3_narasimha,train
badami_c3_narasimha/6e54c6c6f20d.jpg,badami_c3_narasimha,train
badami_c3_narasimha/9f08d4f92cf5.jpg,badami_c3_narasimha,train
badami_c3_narasimha/d542735b7097.jpg,badami_c3_narasimha,train
badami_c3_seated_vishnu/032ec1c9e8d3.jpg,badami_c3_seated_vishnu,test
badami_c3_seated_vishnu/876a18d185e3.jpg,badami_c3_seated_vishnu,test
badami_c3_seated_vishnu/f761198ee480.jpg,badami_c3_seated_vishnu,test
badami_c3_seated_vishnu/1770e7752cbf.jpg,badami_c3_seated_vishnu,test
badami_c3_seated_vishnu/63ab47a6dc77.jpg,badami_c3_seated_vishnu,test
badami_c3_seated_vishnu/ebb9b4631df4.jpg,badami_c3_seated_vishnu,test
badami_c3_seated_vishnu/615787be0cca.jpg,badami_c3_seated_vishnu,test
badami_c3_seated_vishnu/0bc2a32f8d4e.jpg,badami_c3_seated_vishnu,test
badami_c3_seated_vishnu/5b69bda3e0d3.jpg,badami_c3_seated_vishnu,test
badami_c3_seated_vishnu/4315642af051.jpg,badami_c3_seated_vishnu,val
badami_c3_seated_vishnu/59be09907a84.jpg,badami_c3_seated_vishnu,val
badami_c3_seated_vishnu/e1c138c2be11.jpg,badami_c3_seated_vishnu,val
badami_c3_seated_vishnu/03c1dcc31d47.jpg,badami_c3_seated_vishnu,val
badami_c3_seated_vishnu/94f1880f5294.jpg,badami_c3_seated_vishnu,val
badami_c3_seated_vishnu/508837c224a5.jpg,badami_c3_seated_vishnu,val
badami_c3_seated_vishnu/1c70fd8a77b2.jpg,badami_c3_seated_vishnu,train
badami_c3_seated_vishnu/89941da4043a.jpg,badami_c3_seated_vishnu,train
badami_c3_seated_vishnu/e37952f72508.jpg,badami_c3_seated_vishnu,train
badami_c3_seated_vishnu/84d37db9ec87.jpg,badami_c3_seated_vishnu,train
badami_c3_seated_vishnu/e1e4f8c7e13b.jpg,badami_c3_seated_vishnu,train
badami_c3_seated_vishnu/22a291b962e4.jpg,badami_c3_seated_vishnu,train
badami_c3_seated_vishnu/53eb2a9e71d4.jpg,badami_c3_seated_vishnu,train
badami_c3_seated_vishnu/2dafdd65c882.jpg,badami_c3_seated_vishnu,train
badami_c3_seated_vishnu/6d08f03772fb.jpg,badami_c3_seated_vishnu,train
badami_c3_seated_vishnu/6a7e020253dd.jpg,badami_c3_seated_vishnu,train
badami_c3_seated_vishnu/e64e3716c926.jpg,badami_c3_seated_vishnu,train
badami_c3_seated_vishnu/4bab7054f7db.jpg,badami_c3_seated_vishnu,train
badami_c3_seated_vishnu/bba5ff0e2229.jpg,badami_c3_seated_vishnu,train
badami_c3_seated_vishnu/919367979436.jpg,badami_c3_seated_vishnu,train
badami_c3_seated_vishnu/a1cd70ffad98.jpg,badami_c3_seated_vishnu,train
badami_c3_seated_vishnu/8d90d8fb12d9.jpg,badami_c3_seated_vishnu,train
badami_c3_seated_vishnu/c7b20e26e7c4.jpg,badami_c3_seated_vishnu,train
badami_c3_seated_vishnu/b3d88665f2ab.jpg,badami_c3_seated_vishnu,train
badami_c3_seated_vishnu/cd8707960547.jpg,badami_c3_seated_vishnu,train
badami_c3_seated_vishnu/6d4261a082cf.jpg,badami_c3_seated_vishnu,train
badami_c3_seated_vishnu/d64b665ccb04.jpg,badami_c3_seated_vishnu,train
badami_c3_seated_vishnu/07b8eaaa7831.jpg,badami_c3_seated_vishnu,train
badami_c3_seated_vishnu/770df42b128f.jpg,badami_c3_seated_vishnu,train
badami_c3_seated_vishnu/08a203cd8afa.jpg,badami_c3_seated_vishnu,train
badami_c3_seated_vishnu/d1128c4c4783.jpg,badami_c3_seated_vishnu,train
badami_c3_seated_vishnu/e508aef42325.jpg,badami_c3_seated_vishnu,train
badami_c3_seated_vishnu/0f1519a8a5fa.jpg,badami_c3_seated_vishnu,train
badami_c3_seated_vishnu/18e6e74987b9.jpg,badami_c3_seated_vishnu,train
badami_c3_seated_vishnu/278b2c24d0b7.jpg,badami_c3_seated_vishnu,train
badami_c3_seated_vishnu/42c392934fb4.jpg,badami_c3_seated_vishnu,train
badami_c3_seated_vishnu/45d4afa24308.jpg,badami_c3_seated_vishnu,train
badami_c3_seated_vishnu/4b61f40a57a6.jpg,badami_c3_seated_vishnu,train
badami_c3_seated_vishnu/614bf49916c6.jpg,badami_c3_seated_vishnu,train
badami_c3_seated_vishnu/702b0432939e.jpg,badami_c3_seated_vishnu,train
badami_c3_seated_vishnu/9466bb1a354c.jpg,badami_c3_seated_vishnu,train
badami_c3_seated_vishnu/a7390977fcb9.jpg,badami_c3_seated_vishnu,train
badami_c3_trivikrama/77aa3fd52b2c.jpg,badami_c3_trivikrama,test
badami_c3_trivikrama/bf9743c17918.jpg,badami_c3_trivikrama,test
badami_c3_trivikrama/c91bcb66249a.jpg,badami_c3_trivikrama,test
badami_c3_trivikrama/6f946f46ade5.jpg,badami_c3_trivikrama,test
badami_c3_trivikrama/a5009cf3fcca.jpg,badami_c3_trivikrama,val
badami_c3_trivikrama/5215b0f01d92.jpg,badami_c3_trivikrama,val
badami_c3_trivikrama/648776be9364.jpg,badami_c3_trivikrama,val
badami_c3_trivikrama/5e1c807eeee3.jpg,badami_c3_trivikrama,train
badami_c3_trivikrama/85569b05c3e9.jpg,badami_c3_trivikrama,train
badami_c3_trivikrama/9b36d2bff0ac.jpg,badami_c3_trivikrama,train
badami_c3_trivikrama/bac356abe806.jpg,badami_c3_trivikrama,train
badami_c3_trivikrama/9a27c88e9c99.jpg,badami_c3_trivikrama,train
badami_c3_trivikrama/7c44741687cb.jpg,badami_c3_trivikrama,train
badami_c3_trivikrama/3d6eddffd2ac.jpg,badami_c3_trivikrama,train
badami_c3_trivikrama/5353206c3205.jpg,badami_c3_trivikrama,train
badami_c3_trivikrama/895af2fd5468.jpg,badami_c3_trivikrama,train
badami_c3_trivikrama/1e23322a71b1.jpg,badami_c3_trivikrama,train
badami_c3_trivikrama/751d5974e1e7.jpg,badami_c3_trivikrama,train
badami_c3_trivikrama/9b12fb092ef2.jpg,badami_c3_trivikrama,train
badami_c3_trivikrama/d22e670a3117.jpg,badami_c3_trivikrama,train
badami_c3_trivikrama/d4f4dc9b3195.jpg,badami_c3_trivikrama,train
badami_c3_trivikrama/d9fa7aac7bf6.jpg,badami_c3_trivikrama,train
badami_c3_trivikrama/dbd9eece7527.jpg,badami_c3_trivikrama,train
badami_c3_varaha/f41f126e3029.jpg,badami_c3_varaha,test
badami_c3_varaha/0913cd46b635.jpg,badami_c3_varaha,test
badami_c3_varaha/2e1543cb56ac.jpg,badami_c3_varaha,val
badami_c3_varaha/91b733631d56.jpg,badami_c3_varaha,val
badami_c3_varaha/29fdb6229e93.jpg,badami_c3_varaha,train
badami_c3_varaha/e1eb41ea2dda.jpg,badami_c3_varaha,train
badami_c3_varaha/09c56033cb9e.jpg,badami_c3_varaha,train
badami_c3_varaha/ded1aeb668dc.jpg,badami_c3_varaha,train
badami_c3_varaha/0dd4ac27141a.jpg,badami_c3_varaha,train
badami_c3_varaha/3308b99175a1.jpg,badami_c3_varaha,train
badami_c3_varaha/40157af363b4.jpg,badami_c3_varaha,train
badami_c3_varaha/a7388c4fc4c5.jpg,badami_c3_varaha,train
badami_c4_bahubali/9f86b408c25e.jpg,badami_c4_bahubali,test
badami_c4_bahubali/83cee9765e8f.jpg,badami_c4_bahubali,test
badami_c4_bahubali/ab0805da8eb2.jpg,badami_c4_bahubali,test
badami_c4_bahubali/a240070be489.jpg,badami_c4_bahubali,test
badami_c4_bahubali/911dbf854a58.jpg,badami_c4_bahubali,test
badami_c4_bahubali/28b7c2f28c43.jpg,badami_c4_bahubali,val
badami_c4_bahubali/807908a4ba24.jpg,badami_c4_bahubali,val
badami_c4_bahubali/e9bbcfcbb38c.jpg,badami_c4_bahubali,val
badami_c4_bahubali/b8998ff14cd0.jpg,badami_c4_bahubali,train
badami_c4_bahubali/e2d60962c6f4.jpg,badami_c4_bahubali,train
badami_c4_bahubali/ff1a02f56eaa.jpg,badami_c4_bahubali,train
badami_c4_bahubali/a1bc46d1a880.jpg,badami_c4_bahubali,train
badami_c4_bahubali/ceb9bcbff42d.jpg,badami_c4_bahubali,train
badami_c4_bahubali/e4304c16a122.jpg,badami_c4_bahubali,train
badami_c4_bahubali/913e901c161b.jpg,badami_c4_bahubali,train
badami_c4_bahubali/48340ddd85b9.jpg,badami_c4_bahubali,train
badami_c4_bahubali/979740b66921.jpg,badami_c4_bahubali,train
badami_c4_bahubali/df10b37a4010.jpg,badami_c4_bahubali,train
badami_c4_bahubali/f93132d5e225.jpg,badami_c4_bahubali,train
badami_c4_bahubali/09d56c714308.jpg,badami_c4_bahubali,train
badami_c4_bahubali/93cd49d57f36.jpg,badami_c4_bahubali,train
badami_c4_bahubali/bc65c57596c9.jpg,badami_c4_bahubali,train
badami_c4_bahubali/d48c235f9db5.jpg,badami_c4_bahubali,train
badami_c4_bahubali/59fc80fcab79.jpg,badami_c4_bahubali,train
badami_c4_bahubali/e980ac1088f5.jpg,badami_c4_bahubali,train
badami_c4_bahubali/38d4fb972114.jpg,badami_c4_bahubali,train
badami_c4_bahubali/644abbe174f6.jpg,badami_c4_bahubali,train
badami_c4_bahubali/78ad5286739f.jpg,badami_c4_bahubali,train
badami_c4_bahubali/7c0b17736d4b.jpg,badami_c4_bahubali,train
badami_c4_parshvanatha/cf73387e08c8.jpg,badami_c4_parshvanatha,test
badami_c4_parshvanatha/dbaacf402ed6.jpg,badami_c4_parshvanatha,test
badami_c4_parshvanatha/dc0ddae6a17e.jpg,badami_c4_parshvanatha,test
badami_c4_parshvanatha/48d2079a5621.jpg,badami_c4_parshvanatha,test
badami_c4_parshvanatha/fc10043b8efe.jpg,badami_c4_parshvanatha,val
badami_c4_parshvanatha/a2e2a786d1b9.jpg,badami_c4_parshvanatha,val
badami_c4_parshvanatha/6835770116f5.jpg,badami_c4_parshvanatha,val
badami_c4_parshvanatha/f410feed3a16.jpg,badami_c4_parshvanatha,train
badami_c4_parshvanatha/49f80043a175.jpg,badami_c4_parshvanatha,train
badami_c4_parshvanatha/71eafc1556a7.jpg,badami_c4_parshvanatha,train
badami_c4_parshvanatha/d258a6aad3ca.jpg,badami_c4_parshvanatha,train
badami_c4_parshvanatha/8f26babb1c96.jpg,badami_c4_parshvanatha,train
badami_c4_parshvanatha/c751db6e1e3c.jpg,badami_c4_parshvanatha,train
badami_c4_parshvanatha/38d397ac7850.jpg,badami_c4_parshvanatha,train
badami_c4_parshvanatha/d1bac65f328d.jpg,badami_c4_parshvanatha,train
badami_c4_parshvanatha/0ecb93ea9d9d.jpg,badami_c4_parshvanatha,train
badami_c4_parshvanatha/c340ca0847dc.jpg,badami_c4_parshvanatha,train
badami_c4_parshvanatha/f084ae34effb.jpg,badami_c4_parshvanatha,train
badami_c4_parshvanatha/3213e2df6cd7.jpg,badami_c4_parshvanatha,train
badami_c4_parshvanatha/b1f71edd4fb5.jpg,badami_c4_parshvanatha,train
badami_c4_parshvanatha/e3ca8c8af4d6.jpg,badami_c4_parshvanatha,train
badami_c4_parshvanatha/e47bbd5d4de3.jpg,badami_c4_parshvanatha,train
badami_cave_exterior/637ca0d8221b.jpg,badami_cave_exterior,test
badami_cave_exterior/ae9c97890637.jpg,badami_cave_exterior,test
badami_cave_exterior/b98cb4986b2d.jpg,badami_cave_exterior,test
badami_cave_exterior/3e70723e55ef.jpg,badami_cave_exterior,test
badami_cave_exterior/d4dda39900ec.jpg,badami_cave_exterior,test
badami_cave_exterior/6dfa005b1b03.jpg,badami_cave_exterior,test
badami_cave_exterior/7c232cda0094.jpg,badami_cave_exterior,test
badami_cave_exterior/4e562a728268.jpg,badami_cave_exterior,test
badami_cave_exterior/a469f9af669f.jpg,badami_cave_exterior,test
badami_cave_exterior/a4ee3eebc4fe.jpg,badami_cave_exterior,test
badami_cave_exterior/21f0d5bffcb9.jpg,badami_cave_exterior,test
badami_cave_exterior/529df741b063.jpg,badami_cave_exterior,test
badami_cave_exterior/f06862bc52e4.jpg,badami_cave_exterior,test
badami_cave_exterior/e94a0e8e1005.jpg,badami_cave_exterior,test
badami_cave_exterior/704e979b5c83.jpg,badami_cave_exterior,test
badami_cave_exterior/eaec28b48067.jpg,badami_cave_exterior,test
badami_cave_exterior/eac1fb84724c.jpg,badami_cave_exterior,test
badami_cave_exterior/9b0f04d84dfa.jpg,badami_cave_exterior,test
badami_cave_exterior/9b5d9e3c2f48.jpg,badami_cave_exterior,test
badami_cave_exterior/5b5b372bea2b.jpg,badami_cave_exterior,test
badami_cave_exterior/957eb8746bbb.jpg,badami_cave_exterior,test
badami_cave_exterior/12a4078df4c2.jpg,badami_cave_exterior,test
badami_cave_exterior/4eb3ccb32c12.jpg,badami_cave_exterior,test
badami_cave_exterior/9e744c18d7d2.jpg,badami_cave_exterior,test
badami_cave_exterior/d3f4843ed4ab.jpg,badami_cave_exterior,test
badami_cave_exterior/da81988e6c32.jpg,badami_cave_exterior,test
badami_cave_exterior/f4013aeeb2a6.jpg,badami_cave_exterior,test
badami_cave_exterior/97fbc7497cf2.jpg,badami_cave_exterior,test
badami_cave_exterior/52142614d1ee.jpg,badami_cave_exterior,test
badami_cave_exterior/0444dac32b7a.jpg,badami_cave_exterior,test
badami_cave_exterior/8c91409cd59a.jpg,badami_cave_exterior,test
badami_cave_exterior/90ffe2670ca6.jpg,badami_cave_exterior,test
badami_cave_exterior/25fc9a16947e.jpg,badami_cave_exterior,test
badami_cave_exterior/755e5dc63b8f.jpg,badami_cave_exterior,test
badami_cave_exterior/333b3f53b5ea.jpg,badami_cave_exterior,test
badami_cave_exterior/33e5b920123f.jpg,badami_cave_exterior,test
badami_cave_exterior/725918b21cdb.jpg,badami_cave_exterior,test
badami_cave_exterior/e59eb24817cc.jpg,badami_cave_exterior,test
badami_cave_exterior/04c632eefc6b.jpg,badami_cave_exterior,test
badami_cave_exterior/11ded13c41f5.jpg,badami_cave_exterior,test
badami_cave_exterior/52e163ea508d.jpg,badami_cave_exterior,val
badami_cave_exterior/a8aad98d2187.jpg,badami_cave_exterior,val
badami_cave_exterior/be40c637ed84.jpg,badami_cave_exterior,val
badami_cave_exterior/edbfba7b4103.jpg,badami_cave_exterior,val
badami_cave_exterior/3addf76f111b.jpg,badami_cave_exterior,val
badami_cave_exterior/982c6a64d658.jpg,badami_cave_exterior,val
badami_cave_exterior/5c38a8160ea2.jpg,badami_cave_exterior,val
badami_cave_exterior/6a967d8d043d.jpg,badami_cave_exterior,val
badami_cave_exterior/033d0b45d064.jpg,badami_cave_exterior,val
badami_cave_exterior/c093c3cf4697.jpg,badami_cave_exterior,val
badami_cave_exterior/eb13cebb88b6.jpg,badami_cave_exterior,val
badami_cave_exterior/67cff4b57855.jpg,badami_cave_exterior,val
badami_cave_exterior/8ffaceb08aea.jpg,badami_cave_exterior,val
badami_cave_exterior/e2095b88c05f.jpg,badami_cave_exterior,val
badami_cave_exterior/2a348af68e75.jpg,badami_cave_exterior,val
badami_cave_exterior/954f2a5a06fc.jpg,badami_cave_exterior,val
badami_cave_exterior/b52f586cbb57.jpg,badami_cave_exterior,val
badami_cave_exterior/1fa0cec53445.jpg,badami_cave_exterior,val
badami_cave_exterior/4bfc43260fd0.jpg,badami_cave_exterior,val
badami_cave_exterior/b3e714a9676c.jpg,badami_cave_exterior,val
badami_cave_exterior/b7dbadd9b5f7.jpg,badami_cave_exterior,val
badami_cave_exterior/e2e050102932.jpg,badami_cave_exterior,val
badami_cave_exterior/ea14eb7e7845.jpg,badami_cave_exterior,val
badami_cave_exterior/391308d5b448.jpg,badami_cave_exterior,val
badami_cave_exterior/6abe738bf933.jpg,badami_cave_exterior,val
badami_cave_exterior/b63d30ef06e5.jpg,badami_cave_exterior,val
badami_cave_exterior/c490ab7f96c4.jpg,badami_cave_exterior,val
badami_cave_exterior/11bff02b15bc.jpg,badami_cave_exterior,train
badami_cave_exterior/3f98a0c4fe01.jpg,badami_cave_exterior,train
badami_cave_exterior/92c26c1e1450.jpg,badami_cave_exterior,train
badami_cave_exterior/aba3d3819e10.jpg,badami_cave_exterior,train
badami_cave_exterior/3380ba667c28.jpg,badami_cave_exterior,train
badami_cave_exterior/487533971277.jpg,badami_cave_exterior,train
badami_cave_exterior/96dde025f7f9.jpg,badami_cave_exterior,train
badami_cave_exterior/a86e644d6ff8.jpg,badami_cave_exterior,train
badami_cave_exterior/b55851b4276a.jpg,badami_cave_exterior,train
badami_cave_exterior/23f73443248c.jpg,badami_cave_exterior,train
badami_cave_exterior/40563348c986.jpg,badami_cave_exterior,train
badami_cave_exterior/43c934559535.jpg,badami_cave_exterior,train
badami_cave_exterior/4b9acf3e9310.jpg,badami_cave_exterior,train
badami_cave_exterior/bc48eaf16f9a.jpg,badami_cave_exterior,train
badami_cave_exterior/27572488cfca.jpg,badami_cave_exterior,train
badami_cave_exterior/281163b7dd19.jpg,badami_cave_exterior,train
badami_cave_exterior/2df574186819.jpg,badami_cave_exterior,train
badami_cave_exterior/96573ff31097.jpg,badami_cave_exterior,train
badami_cave_exterior/de6254403c5b.jpg,badami_cave_exterior,train
badami_cave_exterior/10d2e769291c.jpg,badami_cave_exterior,train
badami_cave_exterior/2386a892fc4a.jpg,badami_cave_exterior,train
badami_cave_exterior/2d658c95abe9.jpg,badami_cave_exterior,train
badami_cave_exterior/31c436703cee.jpg,badami_cave_exterior,train
badami_cave_exterior/49518cf7b763.jpg,badami_cave_exterior,train
badami_cave_exterior/8b5f36962801.jpg,badami_cave_exterior,train
badami_cave_exterior/afa46ddc7a0e.jpg,badami_cave_exterior,train
badami_cave_exterior/27b642b57e65.jpg,badami_cave_exterior,train
badami_cave_exterior/39f702e28280.jpg,badami_cave_exterior,train
badami_cave_exterior/4f0d77c094e5.jpg,badami_cave_exterior,train
badami_cave_exterior/6ec2fa7f59e5.jpg,badami_cave_exterior,train
badami_cave_exterior/a848976abeaf.jpg,badami_cave_exterior,train
badami_cave_exterior/ae090163cace.jpg,badami_cave_exterior,train
badami_cave_exterior/ec70e30f0e87.jpg,badami_cave_exterior,train
badami_cave_exterior/f3d7de7c4a03.jpg,badami_cave_exterior,train
badami_cave_exterior/19a8ce0a2458.jpg,badami_cave_exterior,train
badami_cave_exterior/37adfb9a13ef.jpg,badami_cave_exterior,train
badami_cave_exterior/410eb57d19a3.jpg,badami_cave_exterior,train
badami_cave_exterior/5983f379b35f.jpg,badami_cave_exterior,train
badami_cave_exterior/770347b00f96.jpg,badami_cave_exterior,train
badami_cave_exterior/a0eb23a01c60.jpg,badami_cave_exterior,train
badami_cave_exterior/e810b330cfea.jpg,badami_cave_exterior,train
badami_cave_exterior/f9f5a7873c11.jpg,badami_cave_exterior,train
badami_cave_exterior/158bc5b596fc.jpg,badami_cave_exterior,train
badami_cave_exterior/24298a66c318.jpg,badami_cave_exterior,train
badami_cave_exterior/5514631a777c.jpg,badami_cave_exterior,train
badami_cave_exterior/70a93e9a4146.jpg,badami_cave_exterior,train
badami_cave_exterior/82fd5fcdeb61.jpg,badami_cave_exterior,train
badami_cave_exterior/93c77231f10c.jpg,badami_cave_exterior,train
badami_cave_exterior/a34b63b6511c.jpg,badami_cave_exterior,train
badami_cave_exterior/c9da4c93910b.jpg,badami_cave_exterior,train
badami_cave_exterior/dabc0bd8056f.jpg,badami_cave_exterior,train
badami_cave_exterior/fe7930c83ff2.jpg,badami_cave_exterior,train
badami_cave_exterior/006218e70c5e.jpg,badami_cave_exterior,train
badami_cave_exterior/03cfb9f536e8.jpg,badami_cave_exterior,train
badami_cave_exterior/06ab30db21c9.jpg,badami_cave_exterior,train
badami_cave_exterior/0a2ead73c712.jpg,badami_cave_exterior,train
badami_cave_exterior/0ba169087770.jpg,badami_cave_exterior,train
badami_cave_exterior/103ce63e8646.jpg,badami_cave_exterior,train
badami_cave_exterior/12a87e83eb17.jpg,badami_cave_exterior,train
badami_cave_exterior/1328f7ffc2b2.jpg,badami_cave_exterior,train
badami_cave_exterior/167486ad97f3.jpg,badami_cave_exterior,train
badami_cave_exterior/1ae0e85e6c10.jpg,badami_cave_exterior,train
badami_cave_exterior/1c26e41f6f27.jpg,badami_cave_exterior,train
badami_cave_exterior/1cc8a6b1ade8.jpg,badami_cave_exterior,train
badami_cave_exterior/1ef216779e62.jpg,badami_cave_exterior,train
badami_cave_exterior/2232844fd359.jpg,badami_cave_exterior,train
badami_cave_exterior/2305551ea3a3.jpg,badami_cave_exterior,train
badami_cave_exterior/242e463eb175.jpg,badami_cave_exterior,train
badami_cave_exterior/250a9836e341.jpg,badami_cave_exterior,train
badami_cave_exterior/25aff056513c.jpg,badami_cave_exterior,train
badami_cave_exterior/25d32cfb0d13.jpg,badami_cave_exterior,train
badami_cave_exterior/2b36bdc10593.jpg,badami_cave_exterior,train
badami_cave_exterior/3156ab5eb0bd.jpg,badami_cave_exterior,train
badami_cave_exterior/334eeb8b3e95.jpg,badami_cave_exterior,train
badami_cave_exterior/37e3f7a0dc2f.jpg,badami_cave_exterior,train
badami_cave_exterior/3ad5a51832a5.jpg,badami_cave_exterior,train
badami_cave_exterior/3ae5798053a5.jpg,badami_cave_exterior,train
badami_cave_exterior/3cf9b72a901f.jpg,badami_cave_exterior,train
badami_cave_exterior/3d30484b9518.jpg,badami_cave_exterior,train
badami_cave_exterior/3e42092b1603.jpg,badami_cave_exterior,train
badami_cave_exterior/3f7d3c15b395.jpg,badami_cave_exterior,train
badami_cave_exterior/428997b30882.jpg,badami_cave_exterior,train
badami_cave_exterior/490c5b6de456.jpg,badami_cave_exterior,train
badami_cave_exterior/4b6983886d43.jpg,badami_cave_exterior,train
badami_cave_exterior/4b7e6081d5ba.jpg,badami_cave_exterior,train
badami_cave_exterior/4e5a443cc34a.jpg,badami_cave_exterior,train
badami_cave_exterior/54b66d6fec0b.jpg,badami_cave_exterior,train
badami_cave_exterior/563780a6b83f.jpg,badami_cave_exterior,train
badami_cave_exterior/56c51c042af8.jpg,badami_cave_exterior,train
badami_cave_exterior/5a9190dc05a3.jpg,badami_cave_exterior,train
badami_cave_exterior/5aefef50e05e.jpg,badami_cave_exterior,train
badami_cave_exterior/65825abf3469.jpg,badami_cave_exterior,train
badami_cave_exterior/659e5a93b330.jpg,badami_cave_exterior,train
badami_cave_exterior/6747368e02e3.jpg,badami_cave_exterior,train
badami_cave_exterior/6a3f071e7ddd.jpg,badami_cave_exterior,train
badami_cave_exterior/741cea015108.jpg,badami_cave_exterior,train
badami_cave_exterior/75082883033e.jpg,badami_cave_exterior,train
badami_cave_exterior/788d0f6fabf3.jpg,badami_cave_exterior,train
badami_cave_exterior/7ff44e47dda3.jpg,badami_cave_exterior,train
badami_cave_exterior/82605fdbfe1b.jpg,badami_cave_exterior,train
badami_cave_exterior/840b68a9644a.jpg,badami_cave_exterior,train
badami_cave_exterior/847d8c5dccb6.jpg,badami_cave_exterior,train
badami_cave_exterior/888305d95a0d.jpg,badami_cave_exterior,train
badami_cave_exterior/8a1cf99e7c61.jpg,badami_cave_exterior,train
badami_cave_exterior/8bf6bb0a91d2.jpg,badami_cave_exterior,train
badami_cave_exterior/8d01393a3ab3.jpg,badami_cave_exterior,train
badami_cave_exterior/8d681cc755c6.jpg,badami_cave_exterior,train
badami_cave_exterior/90b863cd2800.jpg,badami_cave_exterior,train
badami_cave_exterior/91d4add91e2f.jpg,badami_cave_exterior,train
badami_cave_exterior/98371f086c09.jpg,badami_cave_exterior,train
badami_cave_exterior/9c70cb1d4903.jpg,badami_cave_exterior,train
badami_cave_exterior/9e1c0f97630e.jpg,badami_cave_exterior,train
badami_cave_exterior/a1789e6958b0.jpg,badami_cave_exterior,train
badami_cave_exterior/a45f4de570e3.jpg,badami_cave_exterior,train
badami_cave_exterior/aa4234b833a4.jpg,badami_cave_exterior,train
badami_cave_exterior/aaffbf4757b3.jpg,badami_cave_exterior,train
badami_cave_exterior/ac02eab42912.jpg,badami_cave_exterior,train
badami_cave_exterior/ad6d408f4754.jpg,badami_cave_exterior,train
badami_cave_exterior/aed9a06501e9.jpg,badami_cave_exterior,train
badami_cave_exterior/b498c19aeecd.jpg,badami_cave_exterior,train
badami_cave_exterior/bd7af5cc994f.jpg,badami_cave_exterior,train
badami_cave_exterior/bed4e654f47c.jpg,badami_cave_exterior,train
badami_cave_exterior/c0bc74496c85.jpg,badami_cave_exterior,train
badami_cave_exterior/c23eab72d529.jpg,badami_cave_exterior,train
badami_cave_exterior/c41c18d5cb61.jpg,badami_cave_exterior,train
badami_cave_exterior/c671b5161ac8.jpg,badami_cave_exterior,train
badami_cave_exterior/c74bdddb91e2.jpg,badami_cave_exterior,train
badami_cave_exterior/c87257fa8c18.jpg,badami_cave_exterior,train
badami_cave_exterior/c9b99a1b0b6a.jpg,badami_cave_exterior,train
badami_cave_exterior/cb0d92ca525c.jpg,badami_cave_exterior,train
badami_cave_exterior/ccb044d6c4d3.jpg,badami_cave_exterior,train
badami_cave_exterior/ce275006732b.jpg,badami_cave_exterior,train
badami_cave_exterior/d10799a01f0d.jpg,badami_cave_exterior,train
badami_cave_exterior/d23c4e56b6c0.jpg,badami_cave_exterior,train
badami_cave_exterior/d27020311569.jpg,badami_cave_exterior,train
badami_cave_exterior/d2f47ff0e103.jpg,badami_cave_exterior,train
badami_cave_exterior/d5b9510fbc1d.jpg,badami_cave_exterior,train
badami_cave_exterior/db80d4a95077.jpg,badami_cave_exterior,train
badami_cave_exterior/decf47ca81f4.jpg,badami_cave_exterior,train
badami_cave_exterior/e1717d1f0bc7.jpg,badami_cave_exterior,train
badami_cave_exterior/e6fdda4a9088.jpg,badami_cave_exterior,train
badami_cave_exterior/e81a6eb3866a.jpg,badami_cave_exterior,train
badami_cave_exterior/eb1ad5d3f9bb.jpg,badami_cave_exterior,train
badami_cave_exterior/ec5137c352f9.jpg,badami_cave_exterior,train
badami_cave_exterior/ecbabf2453b3.jpg,badami_cave_exterior,train
badami_cave_exterior/ef5760bd3d74.jpg,badami_cave_exterior,train
badami_cave_exterior/f175a9780b8f.jpg,badami_cave_exterior,train
badami_cave_exterior/f20c49689d76.jpg,badami_cave_exterior,train
badami_cave_exterior/f529ee9b50b4.jpg,badami_cave_exterior,train
badami_cave_exterior/f83b532e816d.jpg,badami_cave_exterior,train
badami_cave_exterior/f8446d87514f.jpg,badami_cave_exterior,train
badami_cave_exterior/f9f27fda67e3.jpg,badami_cave_exterior,train
badami_cave_exterior/fc31515107c5.jpg,badami_cave_exterior,train
badami_cave_exterior/fe4c4413bc2f.jpg,badami_cave_exterior,train
badami_cave_exterior/fe71e49c8bb6.jpg,badami_cave_exterior,train
badami_cave_exterior/ffd4ce2788d5.jpg,badami_cave_exterior,train
badami_ceiling_reliefs/a60ba8fa6f5e.jpg,badami_ceiling_reliefs,test
badami_ceiling_reliefs/923e6ef62b02.jpg,badami_ceiling_reliefs,test
badami_ceiling_reliefs/92ede7ff90e7.jpg,badami_ceiling_reliefs,test
badami_ceiling_reliefs/c47bd3df54e1.jpg,badami_ceiling_reliefs,test
badami_ceiling_reliefs/236227bf33ef.jpg,badami_ceiling_reliefs,test
badami_ceiling_reliefs/b9c58986416e.jpg,badami_ceiling_reliefs,test
badami_ceiling_reliefs/774c84217ed3.jpg,badami_ceiling_reliefs,test
badami_ceiling_reliefs/99d200e8299b.jpg,badami_ceiling_reliefs,test
badami_ceiling_reliefs/661efaf42e17.jpg,badami_ceiling_reliefs,test
badami_ceiling_reliefs/ce8d13422951.jpg,badami_ceiling_reliefs,test
badami_ceiling_reliefs/5ef64fabbfb2.jpg,badami_ceiling_reliefs,test
badami_ceiling_reliefs/6f856397cdbe.jpg,badami_ceiling_reliefs,test
badami_ceiling_reliefs/16632e7e2480.jpg,badami_ceiling_reliefs,test
badami_ceiling_reliefs/bf0b97f5e915.jpg,badami_ceiling_reliefs,test
badami_ceiling_reliefs/514114cd1d94.jpg,badami_ceiling_reliefs,val
badami_ceiling_reliefs/55411c0947df.jpg,badami_ceiling_reliefs,val
badami_ceiling_reliefs/23638684dc07.jpg,badami_ceiling_reliefs,val
badami_ceiling_reliefs/4aa3e877c2cb.jpg,badami_ceiling_reliefs,val
badami_ceiling_reliefs/1f3046f7448a.jpg,badami_ceiling_reliefs,val
badami_ceiling_reliefs/5b11d2256e1a.jpg,badami_ceiling_reliefs,val
badami_ceiling_reliefs/e8b35a3a39f2.jpg,badami_ceiling_reliefs,val
badami_ceiling_reliefs/f5de7307c87e.jpg,badami_ceiling_reliefs,val
badami_ceiling_reliefs/2a8dbf57f489.jpg,badami_ceiling_reliefs,train
badami_ceiling_reliefs/8b2f69ec09da.jpg,badami_ceiling_reliefs,train
badami_ceiling_reliefs/ad85caeea2d3.jpg,badami_ceiling_reliefs,train
badami_ceiling_reliefs/d5b395f65d01.jpg,badami_ceiling_reliefs,train
badami_ceiling_reliefs/df60b0445e42.jpg,badami_ceiling_reliefs,train
badami_ceiling_reliefs/f0a8313d50a5.jpg,badami_ceiling_reliefs,train
badami_ceiling_reliefs/4a48da0a6c37.jpg,badami_ceiling_reliefs,train
badami_ceiling_reliefs/6559381414b6.jpg,badami_ceiling_reliefs,train
badami_ceiling_reliefs/e61133bf953b.jpg,badami_ceiling_reliefs,train
badami_ceiling_reliefs/0b6acc6f5c1c.jpg,badami_ceiling_reliefs,train
badami_ceiling_reliefs/1fb8dd2db907.jpg,badami_ceiling_reliefs,train
badami_ceiling_reliefs/210cf2c163ff.jpg,badami_ceiling_reliefs,train
badami_ceiling_reliefs/319ae94447ba.jpg,badami_ceiling_reliefs,train
badami_ceiling_reliefs/45fa3590b067.jpg,badami_ceiling_reliefs,train
badami_ceiling_reliefs/b924437edc2a.jpg,badami_ceiling_reliefs,train
badami_ceiling_reliefs/c705d8ce3b6f.jpg,badami_ceiling_reliefs,train
badami_ceiling_reliefs/0607c50ccfeb.jpg,badami_ceiling_reliefs,train
badami_ceiling_reliefs/26aa02c5a32a.jpg,badami_ceiling_reliefs,train
badami_ceiling_reliefs/42c272634862.jpg,badami_ceiling_reliefs,train
badami_ceiling_reliefs/49e89aaedff5.jpg,badami_ceiling_reliefs,train
badami_ceiling_reliefs/516e95a0f041.jpg,badami_ceiling_reliefs,train
badami_ceiling_reliefs/aeae3439391a.jpg,badami_ceiling_reliefs,train
badami_ceiling_reliefs/f338cb057812.jpg,badami_ceiling_reliefs,train
badami_ceiling_reliefs/152ae0cdbada.jpg,badami_ceiling_reliefs,train
badami_ceiling_reliefs/1976e670b921.jpg,badami_ceiling_reliefs,train
badami_ceiling_reliefs/2a6020894514.jpg,badami_ceiling_reliefs,train
badami_ceiling_reliefs/2b8ca4338214.jpg,badami_ceiling_reliefs,train
badami_ceiling_reliefs/2d09b64e73fd.jpg,badami_ceiling_reliefs,train
badami_ceiling_reliefs/2f2bf0ef8fa5.jpg,badami_ceiling_reliefs,train
badami_ceiling_reliefs/33286e52bf71.jpg,badami_ceiling_reliefs,train
badami_ceiling_reliefs/3a53aa732f9c.jpg,badami_ceiling_reliefs,train
badami_ceiling_reliefs/3ab992d8ffc7.jpg,badami_ceiling_reliefs,train
badami_ceiling_reliefs/3ad17e06ac34.jpg,badami_ceiling_reliefs,train
badami_ceiling_reliefs/42efbfd91eb2.jpg,badami_ceiling_reliefs,train
badami_ceiling_reliefs/4e7a80795fbe.jpg,badami_ceiling_reliefs,train
badami_ceiling_reliefs/55521a846a17.jpg,badami_ceiling_reliefs,train
badami_ceiling_reliefs/59a6218dc53c.jpg,badami_ceiling_reliefs,train
badami_ceiling_reliefs/5ebb6ba529e5.jpg,badami_ceiling_reliefs,train
badami_ceiling_reliefs/752c9fbef35a.jpg,badami_ceiling_reliefs,train
badami_ceiling_reliefs/785018e3da98.jpg,badami_ceiling_reliefs,train
badami_ceiling_reliefs/786ad62904d4.jpg,badami_ceiling_reliefs,train
badami_ceiling_reliefs/7dab27e98441.jpg,badami_ceiling_reliefs,train
badami_ceiling_reliefs/92fe285b29f5.jpg,badami_ceiling_reliefs,train
badami_ceiling_reliefs/965f2c8b5f90.jpg,badami_ceiling_reliefs,train
badami_ceiling_reliefs/9856c51a9d27.jpg,badami_ceiling_reliefs,train
badami_ceiling_reliefs/a2ca72a969a0.jpg,badami_ceiling_reliefs,train
badami_ceiling_reliefs/a42eb542f443.jpg,badami_ceiling_reliefs,train
badami_ceiling_reliefs/a584b79b9fac.jpg,badami_ceiling_reliefs,train
badami_ceiling_reliefs/b1ac9e501e17.jpg,badami_ceiling_reliefs,train
badami_ceiling_reliefs/b54100f4c1fc.jpg,badami_ceiling_reliefs,train
badami_ceiling_reliefs/cc0cee980fc5.jpg,badami_ceiling_reliefs,train
badami_ceiling_reliefs/d2b5e554bd28.jpg,badami_ceiling_reliefs,train
badami_ceiling_reliefs/dad32f056173.jpg,badami_ceiling_reliefs,train
badami_ceiling_reliefs/db21d4d64076.jpg,badami_ceiling_reliefs,train
badami_ceiling_reliefs/e05caed89176.jpg,badami_ceiling_reliefs,train
badami_ceiling_reliefs/e07543583e0a.jpg,badami_ceiling_reliefs,train
badami_ceiling_reliefs/e8ef4155ac82.jpg,badami_ceiling_reliefs,train
badami_ceiling_reliefs/f398690bfa51.jpg,badami_ceiling_reliefs,train
badami_ceiling_reliefs/fc1e847676fb.jpg,badami_ceiling_reliefs,train
badami_ceiling_reliefs/ffa6ee05c71e.jpg,badami_ceiling_reliefs,train
pattadakal_galaganatha/0e399cb7771f.jpg,pattadakal_galaganatha,test
pattadakal_galaganatha/e1630b459ad3.jpg,pattadakal_galaganatha,test
pattadakal_galaganatha/ae1f0e1f0a84.jpg,pattadakal_galaganatha,test
pattadakal_galaganatha/bf825371daa6.jpg,pattadakal_galaganatha,test
pattadakal_galaganatha/ec960431f498.jpg,pattadakal_galaganatha,test
pattadakal_galaganatha/e09e6a9103ec.jpg,pattadakal_galaganatha,test
pattadakal_galaganatha/902e55f5445c.jpg,pattadakal_galaganatha,test
pattadakal_galaganatha/f81e945d81b2.jpg,pattadakal_galaganatha,test
pattadakal_galaganatha/a3ccb266d1e7.jpg,pattadakal_galaganatha,test
pattadakal_galaganatha/6588003c368c.jpg,pattadakal_galaganatha,test
pattadakal_galaganatha/3d9ccd2d7cc8.jpg,pattadakal_galaganatha,test
pattadakal_galaganatha/ffdd2340faf2.jpg,pattadakal_galaganatha,test
pattadakal_galaganatha/c03f2b4dfe40.jpg,pattadakal_galaganatha,test
pattadakal_galaganatha/d2fb5f2c6ff1.jpg,pattadakal_galaganatha,test
pattadakal_galaganatha/0a25ce607d9c.jpg,pattadakal_galaganatha,test
pattadakal_galaganatha/683e546d7d60.jpg,pattadakal_galaganatha,test
pattadakal_galaganatha/49c67dd0cc76.jpg,pattadakal_galaganatha,test
pattadakal_galaganatha/5229298db27e.jpg,pattadakal_galaganatha,test
pattadakal_galaganatha/0c97cbfdd980.jpg,pattadakal_galaganatha,test
pattadakal_galaganatha/f879e6b9a69a.jpg,pattadakal_galaganatha,test
pattadakal_galaganatha/604cb85b6f2a.jpg,pattadakal_galaganatha,test
pattadakal_galaganatha/c96aca907e0e.jpg,pattadakal_galaganatha,test
pattadakal_galaganatha/9eb0db8365e1.jpg,pattadakal_galaganatha,val
pattadakal_galaganatha/f675d22a9076.jpg,pattadakal_galaganatha,val
pattadakal_galaganatha/46837273dc92.jpg,pattadakal_galaganatha,val
pattadakal_galaganatha/a9d24b4c9390.jpg,pattadakal_galaganatha,val
pattadakal_galaganatha/60da1fe20062.jpg,pattadakal_galaganatha,val
pattadakal_galaganatha/9899542595be.jpg,pattadakal_galaganatha,val
pattadakal_galaganatha/b270e4465c49.jpg,pattadakal_galaganatha,val
pattadakal_galaganatha/66c4710dcaee.jpg,pattadakal_galaganatha,val
pattadakal_galaganatha/4df351eb1987.jpg,pattadakal_galaganatha,val
pattadakal_galaganatha/f6654f2a5673.jpg,pattadakal_galaganatha,val
pattadakal_galaganatha/408e013ac30d.jpg,pattadakal_galaganatha,val
pattadakal_galaganatha/92c0e9762262.jpg,pattadakal_galaganatha,val
pattadakal_galaganatha/60f9a8c5eb90.jpg,pattadakal_galaganatha,val
pattadakal_galaganatha/cae1c4a68f7d.jpg,pattadakal_galaganatha,val
pattadakal_galaganatha/14bf33a7b99f.jpg,pattadakal_galaganatha,train
pattadakal_galaganatha/cbf8d938fbd5.jpg,pattadakal_galaganatha,train
pattadakal_galaganatha/42f6d391a356.jpg,pattadakal_galaganatha,train
pattadakal_galaganatha/a1f4d383ab20.jpg,pattadakal_galaganatha,train
pattadakal_galaganatha/47aa8b549908.jpg,pattadakal_galaganatha,train
pattadakal_galaganatha/d08ab57cbdfc.jpg,pattadakal_galaganatha,train
pattadakal_galaganatha/493afde2ed32.jpg,pattadakal_galaganatha,train
pattadakal_galaganatha/9ccbfbfff8ad.jpg,pattadakal_galaganatha,train
pattadakal_galaganatha/742778441b95.jpg,pattadakal_galaganatha,train
pattadakal_galaganatha/80d8ace37346.jpg,pattadakal_galaganatha,train
pattadakal_galaganatha/2142db91f241.jpg,pattadakal_galaganatha,train
pattadakal_galaganatha/6407d36274b8.jpg,pattadakal_galaganatha,train
pattadakal_galaganatha/7cacff579d6e.jpg,pattadakal_galaganatha,train
pattadakal_galaganatha/d1c50953d43b.jpg,pattadakal_galaganatha,train
pattadakal_galaganatha/25f38376e116.jpg,pattadakal_galaganatha,train
pattadakal_galaganatha/8dcbc548df3a.jpg,pattadakal_galaganatha,train
pattadakal_galaganatha/a126c3c9d962.jpg,pattadakal_galaganatha,train
pattadakal_galaganatha/10cda9924d9b.jpg,pattadakal_galaganatha,train
pattadakal_galaganatha/3591af724abe.jpg,pattadakal_galaganatha,train
pattadakal_galaganatha/8ecf416ffbcb.jpg,pattadakal_galaganatha,train
pattadakal_galaganatha/07b25a558eb7.jpg,pattadakal_galaganatha,train
pattadakal_galaganatha/3d798d7f6f4a.jpg,pattadakal_galaganatha,train
pattadakal_galaganatha/b4b071b1e5ec.jpg,pattadakal_galaganatha,train
pattadakal_galaganatha/11a4291c266f.jpg,pattadakal_galaganatha,train
pattadakal_galaganatha/5902f069e426.jpg,pattadakal_galaganatha,train
pattadakal_galaganatha/7e5d6f83e8fe.jpg,pattadakal_galaganatha,train
pattadakal_galaganatha/5e300f6151a2.jpg,pattadakal_galaganatha,train
pattadakal_galaganatha/6323f168cf4f.jpg,pattadakal_galaganatha,train
pattadakal_galaganatha/7a04a0554449.jpg,pattadakal_galaganatha,train
pattadakal_galaganatha/19cf8d59319a.jpg,pattadakal_galaganatha,train
pattadakal_galaganatha/ac21d652d93b.jpg,pattadakal_galaganatha,train
pattadakal_galaganatha/cda17a1ccd61.jpg,pattadakal_galaganatha,train
pattadakal_galaganatha/f261e9d038fd.jpg,pattadakal_galaganatha,train
pattadakal_galaganatha/a0596e9b0e16.jpg,pattadakal_galaganatha,train
pattadakal_galaganatha/aa88510d703d.jpg,pattadakal_galaganatha,train
pattadakal_galaganatha/cf4cf924d1fe.jpg,pattadakal_galaganatha,train
pattadakal_galaganatha/e51a05f33ca3.jpg,pattadakal_galaganatha,train
pattadakal_galaganatha/3d455c2f8c13.jpg,pattadakal_galaganatha,train
pattadakal_galaganatha/667f7f8868a7.jpg,pattadakal_galaganatha,train
pattadakal_galaganatha/bd8637bbf392.jpg,pattadakal_galaganatha,train
pattadakal_galaganatha/eb8e7da98a12.jpg,pattadakal_galaganatha,train
pattadakal_galaganatha/01853b9fda84.jpg,pattadakal_galaganatha,train
pattadakal_galaganatha/02492872e5d2.jpg,pattadakal_galaganatha,train
pattadakal_galaganatha/427f6c83fc7d.jpg,pattadakal_galaganatha,train
pattadakal_galaganatha/6350a7c2a42b.jpg,pattadakal_galaganatha,train
pattadakal_galaganatha/6d6dce3dec3b.jpg,pattadakal_galaganatha,train
pattadakal_galaganatha/8320f080f497.jpg,pattadakal_galaganatha,train
pattadakal_galaganatha/a356f4a5a25c.jpg,pattadakal_galaganatha,train
pattadakal_galaganatha/aec304c88c78.jpg,pattadakal_galaganatha,train
pattadakal_galaganatha/d9a951a28a1d.jpg,pattadakal_galaganatha,train
pattadakal_galaganatha/db36961f781f.jpg,pattadakal_galaganatha,train
pattadakal_galaganatha/04ab9c12b449.jpg,pattadakal_galaganatha,train
pattadakal_galaganatha/08101c1a4363.jpg,pattadakal_galaganatha,train
pattadakal_galaganatha/0bc6012c73ce.jpg,pattadakal_galaganatha,train
pattadakal_galaganatha/25e3615e1458.jpg,pattadakal_galaganatha,train
pattadakal_galaganatha/27fe84d8782a.jpg,pattadakal_galaganatha,train
pattadakal_galaganatha/384b66849168.jpg,pattadakal_galaganatha,train
pattadakal_galaganatha/3c71e24a10a9.jpg,pattadakal_galaganatha,train
pattadakal_galaganatha/44c20d21e46e.jpg,pattadakal_galaganatha,train
pattadakal_galaganatha/4871ef542ed4.jpg,pattadakal_galaganatha,train
pattadakal_galaganatha/4cc2a0757910.jpg,pattadakal_galaganatha,train
pattadakal_galaganatha/4e47db2b173c.jpg,pattadakal_galaganatha,train
pattadakal_galaganatha/56f9e88231a5.jpg,pattadakal_galaganatha,train
pattadakal_galaganatha/5d6bd35f3521.jpg,pattadakal_galaganatha,train
pattadakal_galaganatha/667d73f53c55.jpg,pattadakal_galaganatha,train
pattadakal_galaganatha/6a927db089c6.jpg,pattadakal_galaganatha,train
pattadakal_galaganatha/74b371936f77.jpg,pattadakal_galaganatha,train
pattadakal_galaganatha/74b9bdc84859.jpg,pattadakal_galaganatha,train
pattadakal_galaganatha/7d90dca54ee3.jpg,pattadakal_galaganatha,train
pattadakal_galaganatha/86ef8f804539.jpg,pattadakal_galaganatha,train
pattadakal_galaganatha/883716fb5378.jpg,pattadakal_galaganatha,train
pattadakal_galaganatha/893e62a84df0.jpg,pattadakal_galaganatha,train
pattadakal_galaganatha/958e10fed14d.jpg,pattadakal_galaganatha,train
pattadakal_galaganatha/a08d9e9dd0d0.jpg,pattadakal_galaganatha,train
pattadakal_galaganatha/a45a5e98d448.jpg,pattadakal_galaganatha,train
pattadakal_galaganatha/be1eed68161e.jpg,pattadakal_galaganatha,train
pattadakal_galaganatha/c50531c38581.jpg,pattadakal_galaganatha,train
pattadakal_galaganatha/cce102b26c8a.jpg,pattadakal_galaganatha,train
pattadakal_galaganatha/cd1b86a96586.jpg,pattadakal_galaganatha,train
pattadakal_galaganatha/e0a74c98fc57.jpg,pattadakal_galaganatha,train
pattadakal_galaganatha/e135c0f84b44.jpg,pattadakal_galaganatha,train
pattadakal_galaganatha/e7398ece4216.jpg,pattadakal_galaganatha,train
pattadakal_galaganatha/f057bd3ada99.jpg,pattadakal_galaganatha,train
pattadakal_galaganatha/f0f32e764ecd.jpg,pattadakal_galaganatha,train
pattadakal_galaganatha/f19233d9b2ef.jpg,pattadakal_galaganatha,train
pattadakal_galaganatha/f318e559198e.jpg,pattadakal_galaganatha,train
pattadakal_jambulinga/127184d8295a.jpg,pattadakal_jambulinga,test
pattadakal_jambulinga/4ab79c1f7fb9.jpg,pattadakal_jambulinga,test
pattadakal_jambulinga/0de9d28e95d2.jpg,pattadakal_jambulinga,test
pattadakal_jambulinga/a7b227ceda0b.jpg,pattadakal_jambulinga,test
pattadakal_jambulinga/62b8984315d4.jpg,pattadakal_jambulinga,test
pattadakal_jambulinga/4e087033e93b.jpg,pattadakal_jambulinga,test
pattadakal_jambulinga/4bd784536df2.jpg,pattadakal_jambulinga,val
pattadakal_jambulinga/de2d8ad76bcc.jpg,pattadakal_jambulinga,val
pattadakal_jambulinga/64e0348946ff.jpg,pattadakal_jambulinga,val
pattadakal_jambulinga/c732854b236d.jpg,pattadakal_jambulinga,val
pattadakal_jambulinga/e5480ec87451.jpg,pattadakal_jambulinga,train
pattadakal_jambulinga/eebbabb05109.jpg,pattadakal_jambulinga,train
pattadakal_jambulinga/7d3555fb6d81.jpg,pattadakal_jambulinga,train
pattadakal_jambulinga/b009f3e7c817.jpg,pattadakal_jambulinga,train
pattadakal_jambulinga/4cf023d0beca.jpg,pattadakal_jambulinga,train
pattadakal_jambulinga/c2fab7cc540d.jpg,pattadakal_jambulinga,train
pattadakal_jambulinga/cd2a95d8cde8.jpg,pattadakal_jambulinga,train
pattadakal_jambulinga/f4e943ac0769.jpg,pattadakal_jambulinga,train
pattadakal_jambulinga/17bc0190649e.jpg,pattadakal_jambulinga,train
pattadakal_jambulinga/23fa600819e9.jpg,pattadakal_jambulinga,train
pattadakal_jambulinga/324491ce0a95.jpg,pattadakal_jambulinga,train
pattadakal_jambulinga/87ad6018cd21.jpg,pattadakal_jambulinga,train
pattadakal_jambulinga/e63b8e4256dc.jpg,pattadakal_jambulinga,train
pattadakal_jambulinga/03aa98367059.jpg,pattadakal_jambulinga,train
pattadakal_jambulinga/38625af22f3b.jpg,pattadakal_jambulinga,train
pattadakal_jambulinga/692c1fd2f4f5.jpg,pattadakal_jambulinga,train
pattadakal_jambulinga/9426125cf9b7.jpg,pattadakal_jambulinga,train
pattadakal_jambulinga/b6276c999cd3.jpg,pattadakal_jambulinga,train
pattadakal_jambulinga/b6e0d7c78302.jpg,pattadakal_jambulinga,train
pattadakal_jambulinga/bc1d3400ac52.jpg,pattadakal_jambulinga,train
pattadakal_jambulinga/ce4c26809648.jpg,pattadakal_jambulinga,train
pattadakal_jambulinga/db8b8083ce5c.jpg,pattadakal_jambulinga,train
pattadakal_jambulinga/dfb7c9247f1f.jpg,pattadakal_jambulinga,train
pattadakal_kadasiddheshvara/e73dd2d5e120.jpg,pattadakal_kadasiddheshvara,test
pattadakal_kadasiddheshvara/d59e33abfbdd.jpg,pattadakal_kadasiddheshvara,test
pattadakal_kadasiddheshvara/e22df43fc821.jpg,pattadakal_kadasiddheshvara,test
pattadakal_kadasiddheshvara/f551387ecc8d.jpg,pattadakal_kadasiddheshvara,test
pattadakal_kadasiddheshvara/98d244c229a0.jpg,pattadakal_kadasiddheshvara,val
pattadakal_kadasiddheshvara/2f3336b08e1c.jpg,pattadakal_kadasiddheshvara,val
pattadakal_kadasiddheshvara/1957f95f9faa.jpg,pattadakal_kadasiddheshvara,train
pattadakal_kadasiddheshvara/785ad511bcd0.jpg,pattadakal_kadasiddheshvara,train
pattadakal_kadasiddheshvara/13f14bc08640.jpg,pattadakal_kadasiddheshvara,train
pattadakal_kadasiddheshvara/32b9dc009b4e.jpg,pattadakal_kadasiddheshvara,train
pattadakal_kadasiddheshvara/9bd543e492b9.jpg,pattadakal_kadasiddheshvara,train
pattadakal_kadasiddheshvara/155dfdd564fe.jpg,pattadakal_kadasiddheshvara,train
pattadakal_kadasiddheshvara/59a422f11bba.jpg,pattadakal_kadasiddheshvara,train
pattadakal_kadasiddheshvara/aaaba03b3967.jpg,pattadakal_kadasiddheshvara,train
pattadakal_kadasiddheshvara/b4da8c0c6e0f.jpg,pattadakal_kadasiddheshvara,train
pattadakal_kadasiddheshvara/d07d31612c26.jpg,pattadakal_kadasiddheshvara,train
pattadakal_kadasiddheshvara/204add6b5343.jpg,pattadakal_kadasiddheshvara,train
pattadakal_kadasiddheshvara/71b506a47ce5.jpg,pattadakal_kadasiddheshvara,train
pattadakal_kadasiddheshvara/ae035ad63a24.jpg,pattadakal_kadasiddheshvara,train
pattadakal_kadasiddheshvara/e7fbab8cc35e.jpg,pattadakal_kadasiddheshvara,train
pattadakal_kadasiddheshvara/f92e7e8ad2b4.jpg,pattadakal_kadasiddheshvara,train
pattadakal_kadasiddheshvara/fd2b575e4ba4.jpg,pattadakal_kadasiddheshvara,train
pattadakal_kashivishveshvara/5d22b807603c.jpg,pattadakal_kashivishveshvara,test
pattadakal_kashivishveshvara/8ffec97a067e.jpg,pattadakal_kashivishveshvara,test
pattadakal_kashivishveshvara/de22ddc42978.jpg,pattadakal_kashivishveshvara,test
pattadakal_kashivishveshvara/f2e6da13750c.jpg,pattadakal_kashivishveshvara,val
pattadakal_kashivishveshvara/829510165303.jpg,pattadakal_kashivishveshvara,val
pattadakal_kashivishveshvara/bd6ffde3f867.jpg,pattadakal_kashivishveshvara,train
pattadakal_kashivishveshvara/fc09fd4b3c16.jpg,pattadakal_kashivishveshvara,train
pattadakal_kashivishveshvara/84f48bc9581c.jpg,pattadakal_kashivishveshvara,train
pattadakal_kashivishveshvara/d702cd30a5d4.jpg,pattadakal_kashivishveshvara,train
pattadakal_kashivishveshvara/118638c2bc2a.jpg,pattadakal_kashivishveshvara,train
pattadakal_kashivishveshvara/406e42adf45f.jpg,pattadakal_kashivishveshvara,train
pattadakal_kashivishveshvara/48f809a089f9.jpg,pattadakal_kashivishveshvara,train
pattadakal_kashivishveshvara/4c638dd32e9b.jpg,pattadakal_kashivishveshvara,train
pattadakal_kashivishveshvara/9ca857fa1690.jpg,pattadakal_kashivishveshvara,train
pattadakal_kashivishveshvara/5eb3082409c7.jpg,pattadakal_kashivishveshvara,train
pattadakal_kashivishveshvara/7979c4a7847c.jpg,pattadakal_kashivishveshvara,train
pattadakal_kashivishveshvara/e176c6ab8cf8.jpg,pattadakal_kashivishveshvara,train
pattadakal_mallikarjuna/16c8859f957b.jpg,pattadakal_mallikarjuna,test
pattadakal_mallikarjuna/48e8fe3b1726.jpg,pattadakal_mallikarjuna,test
pattadakal_mallikarjuna/f750dc6181ff.jpg,pattadakal_mallikarjuna,test
pattadakal_mallikarjuna/947505198c98.jpg,pattadakal_mallikarjuna,test
pattadakal_mallikarjuna/cbdfc86bb51b.jpg,pattadakal_mallikarjuna,test
pattadakal_mallikarjuna/a40480d63d63.jpg,pattadakal_mallikarjuna,test
pattadakal_mallikarjuna/16dcd35d521e.jpg,pattadakal_mallikarjuna,train
pattadakal_mallikarjuna/1fbbd4e7921e.jpg,pattadakal_mallikarjuna,train
pattadakal_mallikarjuna/4efe0231d470.jpg,pattadakal_mallikarjuna,train
pattadakal_mallikarjuna/6a6e198f1d20.jpg,pattadakal_mallikarjuna,train
pattadakal_mallikarjuna/75ee230ed8b2.jpg,pattadakal_mallikarjuna,train
pattadakal_mallikarjuna/7ea5184258b0.jpg,pattadakal_mallikarjuna,train
pattadakal_mallikarjuna/92fbf10dcdeb.jpg,pattadakal_mallikarjuna,train
pattadakal_mallikarjuna/cf9ddf2dd445.jpg,pattadakal_mallikarjuna,train
pattadakal_mallikarjuna/d7cdfc56da0d.jpg,pattadakal_mallikarjuna,train
pattadakal_mallikarjuna/00b80b743831.jpg,pattadakal_mallikarjuna,train
pattadakal_mallikarjuna/03e9e526ac71.jpg,pattadakal_mallikarjuna,train
pattadakal_mallikarjuna/04266d60c654.jpg,pattadakal_mallikarjuna,train
pattadakal_mallikarjuna/203e9d9726a9.jpg,pattadakal_mallikarjuna,train
pattadakal_mallikarjuna/233be3f47da0.jpg,pattadakal_mallikarjuna,train
pattadakal_mallikarjuna/4ad57acc1414.jpg,pattadakal_mallikarjuna,train
pattadakal_mallikarjuna/582530fcec5a.jpg,pattadakal_mallikarjuna,train
pattadakal_mallikarjuna/602ef4ec3d88.jpg,pattadakal_mallikarjuna,train
pattadakal_mallikarjuna/6dfa3cf15221.jpg,pattadakal_mallikarjuna,train
pattadakal_mallikarjuna/7480f21a8b04.jpg,pattadakal_mallikarjuna,train
pattadakal_mallikarjuna/8a62a42124cf.jpg,pattadakal_mallikarjuna,train
pattadakal_mallikarjuna/8c368cdfeb77.jpg,pattadakal_mallikarjuna,train
pattadakal_mallikarjuna/92569f3a343b.jpg,pattadakal_mallikarjuna,train
pattadakal_mallikarjuna/93a7d9f16c46.jpg,pattadakal_mallikarjuna,train
pattadakal_mallikarjuna/bacf217bb22d.jpg,pattadakal_mallikarjuna,train
pattadakal_mallikarjuna/bc993790e3e1.jpg,pattadakal_mallikarjuna,train
pattadakal_mallikarjuna/d1a30c6bc68d.jpg,pattadakal_mallikarjuna,train
pattadakal_mallikarjuna/d5f643de8503.jpg,pattadakal_mallikarjuna,train
pattadakal_mallikarjuna/dc70b6a5e309.jpg,pattadakal_mallikarjuna,train
pattadakal_mallikarjuna/ee7680a32d10.jpg,pattadakal_mallikarjuna,train
pattadakal_mallikarjuna/fdd7342125e2.jpg,pattadakal_mallikarjuna,train
pattadakal_mallikarjuna/01ab9f139b6b.jpg,pattadakal_mallikarjuna,train
pattadakal_mallikarjuna/05b84bc9385c.jpg,pattadakal_mallikarjuna,train
pattadakal_mallikarjuna/07c7a1145e77.jpg,pattadakal_mallikarjuna,train
pattadakal_mallikarjuna/0ddd5ee6fe37.jpg,pattadakal_mallikarjuna,train
pattadakal_mallikarjuna/0f860ac88189.jpg,pattadakal_mallikarjuna,train
pattadakal_mallikarjuna/148292bc8c3b.jpg,pattadakal_mallikarjuna,train
pattadakal_mallikarjuna/2687d882739b.jpg,pattadakal_mallikarjuna,train
pattadakal_mallikarjuna/2701b4b76d8b.jpg,pattadakal_mallikarjuna,train
pattadakal_mallikarjuna/5715482d2906.jpg,pattadakal_mallikarjuna,train
pattadakal_mallikarjuna/5f5511876320.jpg,pattadakal_mallikarjuna,train
pattadakal_mallikarjuna/64eefffc4db1.jpg,pattadakal_mallikarjuna,train
pattadakal_mallikarjuna/6ac1b5eafecf.jpg,pattadakal_mallikarjuna,train
pattadakal_mallikarjuna/78e3be60f51e.jpg,pattadakal_mallikarjuna,train
pattadakal_mallikarjuna/826be949a81f.jpg,pattadakal_mallikarjuna,train
pattadakal_mallikarjuna/8574778e8c78.jpg,pattadakal_mallikarjuna,train
pattadakal_mallikarjuna/87ce28920d5d.jpg,pattadakal_mallikarjuna,train
pattadakal_mallikarjuna/8c0830bb62af.jpg,pattadakal_mallikarjuna,train
pattadakal_mallikarjuna/8c19554c7a03.jpg,pattadakal_mallikarjuna,train
pattadakal_mallikarjuna/8d3f27e3a5fb.jpg,pattadakal_mallikarjuna,train
pattadakal_mallikarjuna/9fec485151c9.jpg,pattadakal_mallikarjuna,train
pattadakal_mallikarjuna/a25a10f2de82.jpg,pattadakal_mallikarjuna,train
pattadakal_mallikarjuna/a2d45319cb0e.jpg,pattadakal_mallikarjuna,train
pattadakal_mallikarjuna/a3dfba94af4f.jpg,pattadakal_mallikarjuna,train
pattadakal_mallikarjuna/de3370bd5031.jpg,pattadakal_mallikarjuna,train
pattadakal_nandi/43dfc31da620.jpg,pattadakal_nandi,test
pattadakal_nandi/c60e3412caf0.jpg,pattadakal_nandi,test
pattadakal_nandi/3cee363e0396.jpg,pattadakal_nandi,test
pattadakal_nandi/14a22a6c327f.jpg,pattadakal_nandi,test
pattadakal_nandi/a6bd5ad958c0.jpg,pattadakal_nandi,test
pattadakal_nandi/b935a16e520b.jpg,pattadakal_nandi,test
pattadakal_nandi/67103c163231.jpg,pattadakal_nandi,val
pattadakal_nandi/97e78f6019d6.jpg,pattadakal_nandi,val
pattadakal_nandi/b97f8d36c14b.jpg,pattadakal_nandi,val
pattadakal_nandi/1fe4882aa970.jpg,pattadakal_nandi,val
pattadakal_nandi/31d40a837031.jpg,pattadakal_nandi,train
pattadakal_nandi/52525aa80d7a.jpg,pattadakal_nandi,train
pattadakal_nandi/727d189a8c83.jpg,pattadakal_nandi,train
pattadakal_nandi/de763c88ed1a.jpg,pattadakal_nandi,train
pattadakal_nandi/f61a29e19e88.jpg,pattadakal_nandi,train
pattadakal_nandi/01bceae14fee.jpg,pattadakal_nandi,train
pattadakal_nandi/068a1ac16dab.jpg,pattadakal_nandi,train
pattadakal_nandi/16f2771eefa1.jpg,pattadakal_nandi,train
pattadakal_nandi/37c30d0f5c67.jpg,pattadakal_nandi,train
pattadakal_nandi/3fa0b81ed7aa.jpg,pattadakal_nandi,train
pattadakal_nandi/5556f2e47b7c.jpg,pattadakal_nandi,train
pattadakal_nandi/59915a8c4172.jpg,pattadakal_nandi,train
pattadakal_nandi/7355a98de1be.jpg,pattadakal_nandi,train
pattadakal_nandi/760c017e65c1.jpg,pattadakal_nandi,train
pattadakal_nandi/8ab2eb60d536.jpg,pattadakal_nandi,train
pattadakal_nandi/8bc4325988f5.jpg,pattadakal_nandi,train
pattadakal_nandi/9901c561a8fd.jpg,pattadakal_nandi,train
pattadakal_nandi/a738644696f8.jpg,pattadakal_nandi,train
pattadakal_nandi/ced086a50630.jpg,pattadakal_nandi,train
pattadakal_nandi/d2d5ae8641fb.jpg,pattadakal_nandi,train
pattadakal_nandi/eea0dfe07e39.jpg,pattadakal_nandi,train
pattadakal_sangameshvara/74eaee78dc9f.jpg,pattadakal_sangameshvara,test
pattadakal_sangameshvara/da0a85025735.jpg,pattadakal_sangameshvara,test
pattadakal_sangameshvara/d4738e9c946b.jpg,pattadakal_sangameshvara,test
pattadakal_sangameshvara/aeb74fcd0168.jpg,pattadakal_sangameshvara,test
pattadakal_sangameshvara/49d651d70b0d.jpg,pattadakal_sangameshvara,test
pattadakal_sangameshvara/71c3ec43d4f4.jpg,pattadakal_sangameshvara,test
pattadakal_sangameshvara/744ec96cf2da.jpg,pattadakal_sangameshvara,test
pattadakal_sangameshvara/8761d3ce4802.jpg,pattadakal_sangameshvara,test
pattadakal_sangameshvara/15003d16a4e1.jpg,pattadakal_sangameshvara,test
pattadakal_sangameshvara/0ac5b4d1896e.jpg,pattadakal_sangameshvara,test
pattadakal_sangameshvara/532c9e8e5d94.jpg,pattadakal_sangameshvara,test
pattadakal_sangameshvara/42b150ff65f7.jpg,pattadakal_sangameshvara,test
pattadakal_sangameshvara/b4d6cd03d627.jpg,pattadakal_sangameshvara,test
pattadakal_sangameshvara/adc20a9a90ad.jpg,pattadakal_sangameshvara,test
pattadakal_sangameshvara/73f3c751f131.jpg,pattadakal_sangameshvara,test
pattadakal_sangameshvara/e62f3bb40982.jpg,pattadakal_sangameshvara,test
pattadakal_sangameshvara/bd819e13ad94.jpg,pattadakal_sangameshvara,test
pattadakal_sangameshvara/71fa4c8fb108.jpg,pattadakal_sangameshvara,test
pattadakal_sangameshvara/08801f17aa3a.jpg,pattadakal_sangameshvara,val
pattadakal_sangameshvara/4e82573d6ece.jpg,pattadakal_sangameshvara,val
pattadakal_sangameshvara/1dd6ab0e3bf8.jpg,pattadakal_sangameshvara,val
pattadakal_sangameshvara/d08053293237.jpg,pattadakal_sangameshvara,val
pattadakal_sangameshvara/a8f2d0d57cf0.jpg,pattadakal_sangameshvara,val
pattadakal_sangameshvara/52d2e346149b.jpg,pattadakal_sangameshvara,val
pattadakal_sangameshvara/cfdcf4faa049.jpg,pattadakal_sangameshvara,val
pattadakal_sangameshvara/2f27216fb2fc.jpg,pattadakal_sangameshvara,val
pattadakal_sangameshvara/f3e5379b865d.jpg,pattadakal_sangameshvara,val
pattadakal_sangameshvara/ae14ba208e82.jpg,pattadakal_sangameshvara,val
pattadakal_sangameshvara/758dec64a34c.jpg,pattadakal_sangameshvara,val
pattadakal_sangameshvara/9e71fae6c6b2.jpg,pattadakal_sangameshvara,val
pattadakal_sangameshvara/c0eea66efbba.jpg,pattadakal_sangameshvara,train
pattadakal_sangameshvara/7e15f303ca78.jpg,pattadakal_sangameshvara,train
pattadakal_sangameshvara/95ad9022a84b.jpg,pattadakal_sangameshvara,train
pattadakal_sangameshvara/fd9f6939460c.jpg,pattadakal_sangameshvara,train
pattadakal_sangameshvara/4efdae9d9873.jpg,pattadakal_sangameshvara,train
pattadakal_sangameshvara/9d815e74b308.jpg,pattadakal_sangameshvara,train
pattadakal_sangameshvara/065ab7b9e7c0.jpg,pattadakal_sangameshvara,train
pattadakal_sangameshvara/279cb6193cf6.jpg,pattadakal_sangameshvara,train
pattadakal_sangameshvara/fa78ea2a969c.jpg,pattadakal_sangameshvara,train
pattadakal_sangameshvara/3e4ac973a8e1.jpg,pattadakal_sangameshvara,train
pattadakal_sangameshvara/51965d3964d1.jpg,pattadakal_sangameshvara,train
pattadakal_sangameshvara/fdd90b333d31.jpg,pattadakal_sangameshvara,train
pattadakal_sangameshvara/74dfabd97201.jpg,pattadakal_sangameshvara,train
pattadakal_sangameshvara/cc643efcc0d0.jpg,pattadakal_sangameshvara,train
pattadakal_sangameshvara/d9b22c562709.jpg,pattadakal_sangameshvara,train
pattadakal_sangameshvara/53d2eecfa6e8.jpg,pattadakal_sangameshvara,train
pattadakal_sangameshvara/97960b9a5d83.jpg,pattadakal_sangameshvara,train
pattadakal_sangameshvara/f66399572488.jpg,pattadakal_sangameshvara,train
pattadakal_sangameshvara/2b5ca3a4e04a.jpg,pattadakal_sangameshvara,train
pattadakal_sangameshvara/340be758f818.jpg,pattadakal_sangameshvara,train
pattadakal_sangameshvara/b5e752f5822f.jpg,pattadakal_sangameshvara,train
pattadakal_sangameshvara/51ad86e1f408.jpg,pattadakal_sangameshvara,train
pattadakal_sangameshvara/625dfdb3d1cf.jpg,pattadakal_sangameshvara,train
pattadakal_sangameshvara/8945815f6922.jpg,pattadakal_sangameshvara,train
pattadakal_sangameshvara/9134ae4b6138.jpg,pattadakal_sangameshvara,train
pattadakal_sangameshvara/bda447486f4a.jpg,pattadakal_sangameshvara,train
pattadakal_sangameshvara/deed66c330f2.jpg,pattadakal_sangameshvara,train
pattadakal_sangameshvara/5b7279ed88b6.jpg,pattadakal_sangameshvara,train
pattadakal_sangameshvara/5dddf87df963.jpg,pattadakal_sangameshvara,train
pattadakal_sangameshvara/a9518afc3f47.jpg,pattadakal_sangameshvara,train
pattadakal_sangameshvara/eafb1805b370.jpg,pattadakal_sangameshvara,train
pattadakal_sangameshvara/13cf2de61a19.jpg,pattadakal_sangameshvara,train
pattadakal_sangameshvara/1fc2f38356d6.jpg,pattadakal_sangameshvara,train
pattadakal_sangameshvara/c5cacc264151.jpg,pattadakal_sangameshvara,train
pattadakal_sangameshvara/cc16928870ba.jpg,pattadakal_sangameshvara,train
pattadakal_sangameshvara/17e8b77b8c51.jpg,pattadakal_sangameshvara,train
pattadakal_sangameshvara/9ca4acbe1a13.jpg,pattadakal_sangameshvara,train
pattadakal_sangameshvara/d7c01324750b.jpg,pattadakal_sangameshvara,train
pattadakal_sangameshvara/ddb5afe65bf5.jpg,pattadakal_sangameshvara,train
pattadakal_sangameshvara/14624d8726b0.jpg,pattadakal_sangameshvara,train
pattadakal_sangameshvara/16b143327ca3.jpg,pattadakal_sangameshvara,train
pattadakal_sangameshvara/1ae25125a3f8.jpg,pattadakal_sangameshvara,train
pattadakal_sangameshvara/1e009779d328.jpg,pattadakal_sangameshvara,train
pattadakal_sangameshvara/3073f5c408db.jpg,pattadakal_sangameshvara,train
pattadakal_sangameshvara/5fb94ee17cb6.jpg,pattadakal_sangameshvara,train
pattadakal_sangameshvara/a4bfeef74c3d.jpg,pattadakal_sangameshvara,train
pattadakal_sangameshvara/a7d83d0d9ee8.jpg,pattadakal_sangameshvara,train
pattadakal_sangameshvara/c08da5111c08.jpg,pattadakal_sangameshvara,train
pattadakal_sangameshvara/cfb76b435ab3.jpg,pattadakal_sangameshvara,train
pattadakal_sangameshvara/da1ede3aaa10.jpg,pattadakal_sangameshvara,train
pattadakal_sangameshvara/e13eb0d75ee1.jpg,pattadakal_sangameshvara,train
pattadakal_sangameshvara/f5ced82bf082.jpg,pattadakal_sangameshvara,train
pattadakal_sangameshvara/f6d422e5ecd4.jpg,pattadakal_sangameshvara,train
pattadakal_sangameshvara/0116612e6678.jpg,pattadakal_sangameshvara,train
pattadakal_sangameshvara/04ae2f0083a0.jpg,pattadakal_sangameshvara,train
pattadakal_sangameshvara/43cbb08777db.jpg,pattadakal_sangameshvara,train
pattadakal_sangameshvara/51acc2d85b3d.jpg,pattadakal_sangameshvara,train
pattadakal_sangameshvara/77e8d51ff882.jpg,pattadakal_sangameshvara,train
pattadakal_sangameshvara/880854ac8ee2.jpg,pattadakal_sangameshvara,train
pattadakal_sangameshvara/91595b0cc702.jpg,pattadakal_sangameshvara,train
pattadakal_sangameshvara/95ea63be8d80.jpg,pattadakal_sangameshvara,train
pattadakal_sangameshvara/99f643678186.jpg,pattadakal_sangameshvara,train
pattadakal_sangameshvara/9de2ca8ece58.jpg,pattadakal_sangameshvara,train
pattadakal_sangameshvara/b1abe966768a.jpg,pattadakal_sangameshvara,train
pattadakal_sangameshvara/c710d76db6fc.jpg,pattadakal_sangameshvara,train
pattadakal_sangameshvara/da236a027f0b.jpg,pattadakal_sangameshvara,train
pattadakal_sangameshvara/e06fec39160c.jpg,pattadakal_sangameshvara,train
pattadakal_sangameshvara/f1bc921d13ac.jpg,pattadakal_sangameshvara,train
pattadakal_sangameshvara/f39f29c1471c.jpg,pattadakal_sangameshvara,train
pattadakal_virupaksha/6e7c019270c8.jpg,pattadakal_virupaksha,test
pattadakal_virupaksha/8a1c57da581b.jpg,pattadakal_virupaksha,test
pattadakal_virupaksha/635e03aee07a.jpg,pattadakal_virupaksha,test
pattadakal_virupaksha/e936339d8bb1.jpg,pattadakal_virupaksha,test
pattadakal_virupaksha/a926b49304f6.jpg,pattadakal_virupaksha,test
pattadakal_virupaksha/1126528cd0ba.jpg,pattadakal_virupaksha,test
pattadakal_virupaksha/6311ee386a80.jpg,pattadakal_virupaksha,test
pattadakal_virupaksha/508ff3a4d953.jpg,pattadakal_virupaksha,test
pattadakal_virupaksha/b0ee8e54bef7.jpg,pattadakal_virupaksha,test
pattadakal_virupaksha/1cf0e9f6ab4b.jpg,pattadakal_virupaksha,test
pattadakal_virupaksha/2011fe987c46.jpg,pattadakal_virupaksha,test
pattadakal_virupaksha/40b06d185e58.jpg,pattadakal_virupaksha,test
pattadakal_virupaksha/5a4f4adfb720.jpg,pattadakal_virupaksha,test
pattadakal_virupaksha/91663c7289e3.jpg,pattadakal_virupaksha,test
pattadakal_virupaksha/dc01248266fe.jpg,pattadakal_virupaksha,test
pattadakal_virupaksha/b1439c43787d.jpg,pattadakal_virupaksha,test
pattadakal_virupaksha/709e7729cda2.jpg,pattadakal_virupaksha,test
pattadakal_virupaksha/9e60a8f608b1.jpg,pattadakal_virupaksha,test
pattadakal_virupaksha/33945f2f6480.jpg,pattadakal_virupaksha,test
pattadakal_virupaksha/dff50de924c7.jpg,pattadakal_virupaksha,test
pattadakal_virupaksha/200c11a128da.jpg,pattadakal_virupaksha,test
pattadakal_virupaksha/caa5790552fd.jpg,pattadakal_virupaksha,test
pattadakal_virupaksha/431ae650bef8.jpg,pattadakal_virupaksha,test
pattadakal_virupaksha/d4db6cbde022.jpg,pattadakal_virupaksha,test
pattadakal_virupaksha/10e57a0bc802.jpg,pattadakal_virupaksha,test
pattadakal_virupaksha/b7236a20fb4e.jpg,pattadakal_virupaksha,test
pattadakal_virupaksha/ebaea9724a24.jpg,pattadakal_virupaksha,test
pattadakal_virupaksha/fc9a9041659b.jpg,pattadakal_virupaksha,test
pattadakal_virupaksha/2f12c017b617.jpg,pattadakal_virupaksha,test
pattadakal_virupaksha/c1a24cf8434e.jpg,pattadakal_virupaksha,test
pattadakal_virupaksha/1784e2263847.jpg,pattadakal_virupaksha,test
pattadakal_virupaksha/1f6d62f78ead.jpg,pattadakal_virupaksha,test
pattadakal_virupaksha/373b0bdcdea4.jpg,pattadakal_virupaksha,test
pattadakal_virupaksha/b3487be6e1fe.jpg,pattadakal_virupaksha,test
pattadakal_virupaksha/fee8d33d48da.jpg,pattadakal_virupaksha,test
pattadakal_virupaksha/082190d88242.jpg,pattadakal_virupaksha,val
pattadakal_virupaksha/35f0edfb9565.jpg,pattadakal_virupaksha,val
pattadakal_virupaksha/39725ef07baa.jpg,pattadakal_virupaksha,val
pattadakal_virupaksha/8c79c4e690b8.jpg,pattadakal_virupaksha,val
pattadakal_virupaksha/8ca2ae24eac9.jpg,pattadakal_virupaksha,val
pattadakal_virupaksha/bfd65c5366c9.jpg,pattadakal_virupaksha,val
pattadakal_virupaksha/104b5c98f831.jpg,pattadakal_virupaksha,val
pattadakal_virupaksha/7ea8738e08a3.jpg,pattadakal_virupaksha,val
pattadakal_virupaksha/7eaad8f149ff.jpg,pattadakal_virupaksha,val
pattadakal_virupaksha/cdf179f7eb8f.jpg,pattadakal_virupaksha,val
pattadakal_virupaksha/d335f88ac005.jpg,pattadakal_virupaksha,val
pattadakal_virupaksha/d9825a3d0078.jpg,pattadakal_virupaksha,val
pattadakal_virupaksha/20d62e7dfb6a.jpg,pattadakal_virupaksha,val
pattadakal_virupaksha/524c76aad776.jpg,pattadakal_virupaksha,val
pattadakal_virupaksha/6c26e7d9f967.jpg,pattadakal_virupaksha,val
pattadakal_virupaksha/764c85334091.jpg,pattadakal_virupaksha,val
pattadakal_virupaksha/bbb0b6ae3983.jpg,pattadakal_virupaksha,val
pattadakal_virupaksha/ecabe919a25d.jpg,pattadakal_virupaksha,val
pattadakal_virupaksha/efa3b775cfa6.jpg,pattadakal_virupaksha,val
pattadakal_virupaksha/08f766300533.jpg,pattadakal_virupaksha,train
pattadakal_virupaksha/356d2f8675ee.jpg,pattadakal_virupaksha,train
pattadakal_virupaksha/50efe952486d.jpg,pattadakal_virupaksha,train
pattadakal_virupaksha/566caa83574c.jpg,pattadakal_virupaksha,train
pattadakal_virupaksha/572977c7097b.jpg,pattadakal_virupaksha,train
pattadakal_virupaksha/6e7dd3371f19.jpg,pattadakal_virupaksha,train
pattadakal_virupaksha/737047af7cb5.jpg,pattadakal_virupaksha,train
pattadakal_virupaksha/7c7a36d3feca.jpg,pattadakal_virupaksha,train
pattadakal_virupaksha/83500a61df1b.jpg,pattadakal_virupaksha,train
pattadakal_virupaksha/9a8ffed75aaf.jpg,pattadakal_virupaksha,train
pattadakal_virupaksha/a20051ad56b9.jpg,pattadakal_virupaksha,train
pattadakal_virupaksha/c0859cc590c7.jpg,pattadakal_virupaksha,train
pattadakal_virupaksha/d624c72eaef9.jpg,pattadakal_virupaksha,train
pattadakal_virupaksha/e4529d72a941.jpg,pattadakal_virupaksha,train
pattadakal_virupaksha/e92c8550197a.jpg,pattadakal_virupaksha,train
pattadakal_virupaksha/ef43805ddeb1.jpg,pattadakal_virupaksha,train
pattadakal_virupaksha/f0c58809e220.jpg,pattadakal_virupaksha,train
pattadakal_virupaksha/f59908defba4.jpg,pattadakal_virupaksha,train
pattadakal_virupaksha/ffb454dd3979.jpg,pattadakal_virupaksha,train
pattadakal_virupaksha/02409e08682e.jpg,pattadakal_virupaksha,train
pattadakal_virupaksha/252c2d9953a8.jpg,pattadakal_virupaksha,train
pattadakal_virupaksha/260ba9fed4a9.jpg,pattadakal_virupaksha,train
pattadakal_virupaksha/2c55c684210b.jpg,pattadakal_virupaksha,train
pattadakal_virupaksha/2ea1f39ab54b.jpg,pattadakal_virupaksha,train
pattadakal_virupaksha/466c9613dfe6.jpg,pattadakal_virupaksha,train
pattadakal_virupaksha/46a4b10760ec.jpg,pattadakal_virupaksha,train
pattadakal_virupaksha/4be9d42e1938.jpg,pattadakal_virupaksha,train
pattadakal_virupaksha/5eafd49b0b79.jpg,pattadakal_virupaksha,train
pattadakal_virupaksha/62c51c939eac.jpg,pattadakal_virupaksha,train
pattadakal_virupaksha/699934bbd861.jpg,pattadakal_virupaksha,train
pattadakal_virupaksha/6b3da3d03340.jpg,pattadakal_virupaksha,train
pattadakal_virupaksha/769fb921db63.jpg,pattadakal_virupaksha,train
pattadakal_virupaksha/79427a9bdb34.jpg,pattadakal_virupaksha,train
pattadakal_virupaksha/7f51d196e28b.jpg,pattadakal_virupaksha,train
pattadakal_virupaksha/7fcd680afb49.jpg,pattadakal_virupaksha,train
pattadakal_virupaksha/806c4c2a9201.jpg,pattadakal_virupaksha,train
pattadakal_virupaksha/85e4c397b17d.jpg,pattadakal_virupaksha,train
pattadakal_virupaksha/8b32530afb78.jpg,pattadakal_virupaksha,train
pattadakal_virupaksha/9bdb7fb46dfc.jpg,pattadakal_virupaksha,train
pattadakal_virupaksha/a0fb253cd58d.jpg,pattadakal_virupaksha,train
pattadakal_virupaksha/b2553aacea6e.jpg,pattadakal_virupaksha,train
pattadakal_virupaksha/b9057ff0a62c.jpg,pattadakal_virupaksha,train
pattadakal_virupaksha/c1dc77a1f707.jpg,pattadakal_virupaksha,train
pattadakal_virupaksha/c467ffebd642.jpg,pattadakal_virupaksha,train
pattadakal_virupaksha/d4b6ce143108.jpg,pattadakal_virupaksha,train
pattadakal_virupaksha/e0e1852e224c.jpg,pattadakal_virupaksha,train
pattadakal_virupaksha/ea992a6be88e.jpg,pattadakal_virupaksha,train
pattadakal_virupaksha/f6ddf1b45c8d.jpg,pattadakal_virupaksha,train
pattadakal_virupaksha/013f2df6851c.jpg,pattadakal_virupaksha,train
pattadakal_virupaksha/03feb9850192.jpg,pattadakal_virupaksha,train
pattadakal_virupaksha/0b4a380c2f54.jpg,pattadakal_virupaksha,train
pattadakal_virupaksha/13ab759e52cc.jpg,pattadakal_virupaksha,train
pattadakal_virupaksha/1b8ddf0ec177.jpg,pattadakal_virupaksha,train
pattadakal_virupaksha/1beed2df3dd2.jpg,pattadakal_virupaksha,train
pattadakal_virupaksha/1c740e80e13b.jpg,pattadakal_virupaksha,train
pattadakal_virupaksha/236dc036a254.jpg,pattadakal_virupaksha,train
pattadakal_virupaksha/2b43953019d1.jpg,pattadakal_virupaksha,train
pattadakal_virupaksha/3de79bcd4506.jpg,pattadakal_virupaksha,train
pattadakal_virupaksha/3fd4fc60c1da.jpg,pattadakal_virupaksha,train
pattadakal_virupaksha/4d34192d1c9d.jpg,pattadakal_virupaksha,train
pattadakal_virupaksha/543da7bb7440.jpg,pattadakal_virupaksha,train
pattadakal_virupaksha/5bfebffe5be0.jpg,pattadakal_virupaksha,train
pattadakal_virupaksha/6545890cee09.jpg,pattadakal_virupaksha,train
pattadakal_virupaksha/66395b66ca8a.jpg,pattadakal_virupaksha,train
pattadakal_virupaksha/66d27830bab6.jpg,pattadakal_virupaksha,train
pattadakal_virupaksha/6ccc1035d7f0.jpg,pattadakal_virupaksha,train
pattadakal_virupaksha/72ab11c9dee9.jpg,pattadakal_virupaksha,train
pattadakal_virupaksha/764950ae0c1a.jpg,pattadakal_virupaksha,train
pattadakal_virupaksha/7b1bad142b9b.jpg,pattadakal_virupaksha,train
pattadakal_virupaksha/7c17644b934d.jpg,pattadakal_virupaksha,train
pattadakal_virupaksha/8740b81cc818.jpg,pattadakal_virupaksha,train
pattadakal_virupaksha/87b7d76dbe8e.jpg,pattadakal_virupaksha,train
pattadakal_virupaksha/93b8c6b365c7.jpg,pattadakal_virupaksha,train
pattadakal_virupaksha/951884295a61.jpg,pattadakal_virupaksha,train
pattadakal_virupaksha/97f65f761ac9.jpg,pattadakal_virupaksha,train
pattadakal_virupaksha/b5f9256dee96.jpg,pattadakal_virupaksha,train
pattadakal_virupaksha/c119ad092e06.jpg,pattadakal_virupaksha,train
pattadakal_virupaksha/da69ed7638d4.jpg,pattadakal_virupaksha,train
pattadakal_virupaksha/dac1441abb6e.jpg,pattadakal_virupaksha,train
pattadakal_virupaksha/dcddbaef021b.jpg,pattadakal_virupaksha,train
pattadakal_virupaksha/e8a1c48372f9.jpg,pattadakal_virupaksha,train
pattadakal_virupaksha/ee3f75700e52.jpg,pattadakal_virupaksha,train
pattadakal_virupaksha/f79eab2c38ba.jpg,pattadakal_virupaksha,train
pattadakal_virupaksha/032a2789e5c7.jpg,pattadakal_virupaksha,train
pattadakal_virupaksha/048670eb47b3.jpg,pattadakal_virupaksha,train
pattadakal_virupaksha/081054271268.jpg,pattadakal_virupaksha,train
pattadakal_virupaksha/0a910d608c6e.jpg,pattadakal_virupaksha,train
pattadakal_virupaksha/0be5ad938886.jpg,pattadakal_virupaksha,train
pattadakal_virupaksha/1120767e110d.jpg,pattadakal_virupaksha,train
pattadakal_virupaksha/1310a277438e.jpg,pattadakal_virupaksha,train
pattadakal_virupaksha/151b886c3bb6.jpg,pattadakal_virupaksha,train
pattadakal_virupaksha/1bba41195faf.jpg,pattadakal_virupaksha,train
pattadakal_virupaksha/21780542dfaa.jpg,pattadakal_virupaksha,train
pattadakal_virupaksha/30a35832bed4.jpg,pattadakal_virupaksha,train
pattadakal_virupaksha/34a457756baf.jpg,pattadakal_virupaksha,train
pattadakal_virupaksha/396d227888ab.jpg,pattadakal_virupaksha,train
pattadakal_virupaksha/3d0e5d03ac19.jpg,pattadakal_virupaksha,train
pattadakal_virupaksha/3fcfd20693ce.jpg,pattadakal_virupaksha,train
pattadakal_virupaksha/459ee35520dc.jpg,pattadakal_virupaksha,train
pattadakal_virupaksha/4cd10a44b9fa.jpg,pattadakal_virupaksha,train
pattadakal_virupaksha/4e1fd0d00e2a.jpg,pattadakal_virupaksha,train
pattadakal_virupaksha/501e5b238375.jpg,pattadakal_virupaksha,train
pattadakal_virupaksha/529dcb564046.jpg,pattadakal_virupaksha,train
pattadakal_virupaksha/55dd7cb4e266.jpg,pattadakal_virupaksha,train
pattadakal_virupaksha/5a9fd3a43a01.jpg,pattadakal_virupaksha,train
pattadakal_virupaksha/5e6c00652f7e.jpg,pattadakal_virupaksha,train
pattadakal_virupaksha/618522233590.jpg,pattadakal_virupaksha,train
pattadakal_virupaksha/6eba84267bcd.jpg,pattadakal_virupaksha,train
pattadakal_virupaksha/71c09ea84bd3.jpg,pattadakal_virupaksha,train
pattadakal_virupaksha/750deace284f.jpg,pattadakal_virupaksha,train
pattadakal_virupaksha/7d785b4f022b.jpg,pattadakal_virupaksha,train
pattadakal_virupaksha/84d034369d21.jpg,pattadakal_virupaksha,train
pattadakal_virupaksha/85558659c8c9.jpg,pattadakal_virupaksha,train
pattadakal_virupaksha/889d3e24e841.jpg,pattadakal_virupaksha,train
pattadakal_virupaksha/8d212200ea03.jpg,pattadakal_virupaksha,train
pattadakal_virupaksha/8d567fc2d4ec.jpg,pattadakal_virupaksha,train
pattadakal_virupaksha/944f212115be.jpg,pattadakal_virupaksha,train
pattadakal_virupaksha/97a06070b6e0.jpg,pattadakal_virupaksha,train
pattadakal_virupaksha/9d0dbe0b340c.jpg,pattadakal_virupaksha,train
pattadakal_virupaksha/a3637e2b5002.jpg,pattadakal_virupaksha,train
pattadakal_virupaksha/a371c585f8a6.jpg,pattadakal_virupaksha,train
pattadakal_virupaksha/a5562be6489f.jpg,pattadakal_virupaksha,train
pattadakal_virupaksha/adafb78bba77.jpg,pattadakal_virupaksha,train
pattadakal_virupaksha/b03d2fa5cbe9.jpg,pattadakal_virupaksha,train
pattadakal_virupaksha/b08e76eb6db8.jpg,pattadakal_virupaksha,train
pattadakal_virupaksha/b46f40035c3c.jpg,pattadakal_virupaksha,train
pattadakal_virupaksha/b8a671c04ddb.jpg,pattadakal_virupaksha,train
pattadakal_virupaksha/bf564a400d34.jpg,pattadakal_virupaksha,train
pattadakal_virupaksha/c441a30866fd.jpg,pattadakal_virupaksha,train
pattadakal_virupaksha/c492c5e1feff.jpg,pattadakal_virupaksha,train
pattadakal_virupaksha/c76c74d5468f.jpg,pattadakal_virupaksha,train
pattadakal_virupaksha/c7934245e571.jpg,pattadakal_virupaksha,train
pattadakal_virupaksha/c9e2a6b08da0.jpg,pattadakal_virupaksha,train
pattadakal_virupaksha/d1eb26f7ae37.jpg,pattadakal_virupaksha,train
pattadakal_virupaksha/d5fe6f0094ee.jpg,pattadakal_virupaksha,train
pattadakal_virupaksha/dbdfa98d7af3.jpg,pattadakal_virupaksha,train
pattadakal_virupaksha/ddfd17c5abfc.jpg,pattadakal_virupaksha,train
pattadakal_virupaksha/de342d5316ee.jpg,pattadakal_virupaksha,train
pattadakal_virupaksha/e26a3474d082.jpg,pattadakal_virupaksha,train
pattadakal_virupaksha/e782a64fcc13.jpg,pattadakal_virupaksha,train
pattadakal_virupaksha/e97535f0e27d.jpg,pattadakal_virupaksha,train
pattadakal_virupaksha/eab6a4e4e483.jpg,pattadakal_virupaksha,train
pattadakal_virupaksha/f40a73a10fb5.jpg,pattadakal_virupaksha,train
pattadakal_virupaksha/f5ee7f6b111f.jpg,pattadakal_virupaksha,train
pattadakal_virupaksha/fb2795108a8e.jpg,pattadakal_virupaksha,train
pattadakal_virupaksha/fd5431ffdaf7.jpg,pattadakal_virupaksha,train
